segment,streak_id,year,team,streak_len,start_date,end_date,year_std,team_std,date_std,Rank,AVG,G,PA,AB,R,H,2B,3B,HR,TB,RBI,SB,CS,GO,FO,BB,HP,IB,SO,GDP,SH,SF,AVG_,OBP,SLG,OPS,Year_,row_order
pre,1,2021,두산,4,2021-09-01,2021-09-04,2021,두산,2021-08-24,1,0.436,1,45.0,39.0,11.0,17.0,4.0,0.0,1.0,24.0,11.0,0.0,1.0,7.0,14.0,4.0,2.0,0.0,1.0,2.0,0.0,0.0,0.436,0.511,0.615,1.126,2021,83
pre,1,2021,두산,4,2021-09-01,2021-09-04,2021,두산,2021-08-26,10,0.167,2,76.0,66.0,12.0,11.0,3.0,0.0,1.0,17.0,11.0,0.0,0.0,29.0,20.0,6.0,2.0,0.0,7.0,1.0,0.0,2.0,0.167,0.25,0.258,0.508,2021,84
pre,1,2021,두산,4,2021-09-01,2021-09-04,2021,두산,2021-08-27,6,0.227,1,28.0,22.0,2.0,5.0,0.0,0.0,0.0,5.0,2.0,1.0,0.0,6.0,5.0,5.0,0.0,0.0,6.0,1.0,1.0,0.0,0.227,0.37,0.227,0.597,2021,85
pre,1,2021,두산,4,2021-09-01,2021-09-04,2021,두산,2021-08-28,4,0.317,1,45.0,41.0,10.0,13.0,1.0,0.0,2.0,20.0,10.0,0.0,0.0,8.0,6.0,3.0,1.0,0.0,13.0,0.0,0.0,0.0,0.317,0.378,0.488,0.866,2021,86
pre,1,2021,두산,4,2021-09-01,2021-09-04,2021,두산,2021-08-29,8,0.161,1,34.0,31.0,2.0,5.0,1.0,0.0,1.0,9.0,2.0,0.0,0.0,13.0,4.0,2.0,1.0,0.0,7.0,1.0,0.0,0.0,0.161,0.235,0.29,0.525,2021,87
pre,2,2021,두산,5,2021-06-23,2021-06-29,2021,두산,2021-06-17,5,0.314,1,38.0,35.0,6.0,11.0,2.0,1.0,0.0,15.0,5.0,4.0,0.0,7.0,11.0,3.0,0.0,0.0,5.0,0.0,0.0,0.0,0.314,0.368,0.429,0.797,2021,57
pre,2,2021,두산,5,2021-06-23,2021-06-29,2021,두산,2021-06-18,1,0.378,1,50.0,45.0,11.0,17.0,4.0,0.0,0.0,21.0,11.0,2.0,0.0,10.0,7.0,4.0,0.0,0.0,12.0,0.0,0.0,1.0,0.378,0.42,0.467,0.887,2021,58
pre,2,2021,두산,5,2021-06-23,2021-06-29,2021,두산,2021-06-19,5,0.313,2,81.0,67.0,12.0,21.0,4.0,0.0,4.0,37.0,12.0,0.0,0.0,18.0,17.0,11.0,0.0,0.0,13.0,5.0,1.0,2.0,0.313,0.4,0.552,0.952,2021,59
pre,2,2021,두산,5,2021-06-23,2021-06-29,2021,두산,2021-06-20,5,0.276,1,31.0,29.0,1.0,8.0,1.0,0.0,0.0,9.0,1.0,0.0,0.0,14.0,7.0,2.0,0.0,0.0,0.0,6.0,0.0,0.0,0.276,0.323,0.31,0.633,2021,60
pre,2,2021,두산,5,2021-06-23,2021-06-29,2021,두산,2021-06-22,3,0.371,1,42.0,35.0,10.0,13.0,1.0,0.0,1.0,17.0,10.0,2.0,1.0,8.0,12.0,5.0,1.0,0.0,2.0,1.0,0.0,1.0,0.371,0.452,0.486,0.938,2021,61
pre,3,2021,삼성,4,2021-08-13,2021-08-17,2021,삼성,2021-07-09,5,0.22,1,49.0,41.0,5.0,9.0,2.0,0.0,1.0,14.0,4.0,0.0,1.0,10.0,12.0,6.0,2.0,1.0,10.0,0.0,0.0,0.0,0.22,0.347,0.341,0.688,2021,75
pre,3,2021,삼성,4,2021-08-13,2021-08-17,2021,삼성,2021-07-10,1,0.25,1,33.0,32.0,3.0,8.0,1.0,0.0,2.0,15.0,3.0,0.0,0.0,11.0,10.0,0.0,0.0,0.0,4.0,0.0,0.0,1.0,0.25,0.242,0.469,0.711,2021,76
pre,3,2021,삼성,4,2021-08-13,2021-08-17,2021,삼성,2021-07-11,2,0.378,1,41.0,37.0,11.0,14.0,3.0,0.0,3.0,26.0,9.0,0.0,0.0,10.0,9.0,1.0,0.0,0.0,5.0,0.0,2.0,1.0,0.378,0.385,0.703,1.088,2021,77
pre,3,2021,삼성,4,2021-08-13,2021-08-17,2021,삼성,2021-08-11,9,0.194,1,41.0,31.0,6.0,6.0,0.0,0.0,0.0,6.0,5.0,4.0,0.0,11.0,8.0,9.0,0.0,0.0,4.0,2.0,1.0,0.0,0.194,0.375,0.194,0.569,2021,78
pre,3,2021,삼성,4,2021-08-13,2021-08-17,2021,삼성,2021-08-12,2,0.29,1,41.0,31.0,9.0,9.0,1.0,0.0,2.0,16.0,8.0,0.0,0.0,3.0,10.0,8.0,0.0,0.0,9.0,1.0,1.0,1.0,0.29,0.425,0.516,0.941,2021,79
pre,4,2021,키움,4,2021-08-28,2021-09-01,2021,키움,2021-08-22,4,0.242,1,40.0,33.0,6.0,8.0,1.0,0.0,1.0,12.0,6.0,1.0,0.0,7.0,10.0,5.0,1.0,1.0,8.0,0.0,1.0,0.0,0.242,0.359,0.364,0.723,2021,88
pre,4,2021,키움,4,2021-08-28,2021-09-01,2021,키움,2021-08-24,5,0.278,1,42.0,36.0,8.0,10.0,1.0,0.0,3.0,20.0,8.0,1.0,0.0,10.0,13.0,5.0,0.0,0.0,3.0,0.0,0.0,1.0,0.278,0.357,0.556,0.913,2021,89
pre,4,2021,키움,4,2021-08-28,2021-09-01,2021,키움,2021-08-25,4,0.273,1,39.0,33.0,2.0,9.0,1.0,0.0,0.0,10.0,1.0,0.0,0.0,10.0,8.0,4.0,2.0,0.0,6.0,2.0,0.0,0.0,0.273,0.385,0.303,0.688,2021,90
pre,4,2021,키움,4,2021-08-28,2021-09-01,2021,키움,2021-08-26,5,0.25,1,35.0,32.0,4.0,8.0,2.0,0.0,1.0,13.0,4.0,0.0,1.0,11.0,9.0,3.0,0.0,0.0,4.0,2.0,0.0,0.0,0.25,0.314,0.406,0.72,2021,91
pre,4,2021,키움,4,2021-08-28,2021-09-01,2021,키움,2021-08-27,2,0.333,1,39.0,36.0,4.0,12.0,2.0,0.0,0.0,14.0,3.0,0.0,0.0,7.0,9.0,1.0,1.0,1.0,9.0,0.0,0.0,1.0,0.333,0.359,0.389,0.748,2021,92
pre,5,2021,키움,6,2021-09-12,2021-09-22,2021,키움,2021-09-05,4,0.314,1,41.0,35.0,10.0,11.0,3.0,0.0,1.0,17.0,10.0,1.0,0.0,10.0,9.0,5.0,0.0,0.0,4.0,0.0,0.0,1.0,0.314,0.39,0.486,0.876,2021,100
pre,5,2021,키움,6,2021-09-12,2021-09-22,2021,키움,2021-09-08,8,0.229,1,36.0,35.0,1.0,8.0,2.0,0.0,0.0,10.0,1.0,0.0,0.0,7.0,10.0,1.0,0.0,0.0,10.0,0.0,0.0,0.0,0.229,0.25,0.286,0.536,2021,101
pre,5,2021,키움,6,2021-09-12,2021-09-22,2021,키움,2021-09-09,4,0.343,1,38.0,35.0,5.0,12.0,1.0,1.0,2.0,21.0,5.0,2.0,0.0,7.0,11.0,2.0,1.0,0.0,5.0,0.0,0.0,0.0,0.343,0.395,0.6,0.995,2021,102
pre,5,2021,키움,6,2021-09-12,2021-09-22,2021,키움,2021-09-10,1,0.313,1,38.0,32.0,4.0,10.0,4.0,1.0,0.0,16.0,3.0,0.0,1.0,5.0,7.0,4.0,1.0,0.0,9.0,0.0,1.0,0.0,0.313,0.405,0.5,0.905,2021,103
pre,5,2021,키움,6,2021-09-12,2021-09-22,2021,키움,2021-09-11,1,0.405,1,56.0,42.0,13.0,17.0,1.0,0.0,1.0,21.0,13.0,0.0,0.0,10.0,11.0,11.0,1.0,0.0,5.0,0.0,0.0,2.0,0.405,0.518,0.5,1.018,2021,104
pre,6,2021,롯데,4,2021-06-13,2021-06-16,2021,롯데,2021-06-05,10,0.156,1,34.0,32.0,1.0,5.0,0.0,0.0,0.0,5.0,1.0,0.0,0.0,9.0,6.0,2.0,0.0,0.0,10.0,0.0,0.0,0.0,0.156,0.206,0.156,0.362,2021,48
pre,6,2021,롯데,4,2021-06-13,2021-06-16,2021,롯데,2021-06-06,1,0.341,1,52.0,44.0,8.0,15.0,2.0,0.0,1.0,20.0,8.0,0.0,0.0,7.0,12.0,8.0,0.0,0.0,10.0,1.0,0.0,0.0,0.341,0.442,0.455,0.897,2021,49
pre,6,2021,롯데,4,2021-06-13,2021-06-16,2021,롯데,2021-06-08,1,0.452,1,46.0,42.0,18.0,19.0,4.0,0.0,2.0,29.0,18.0,1.0,0.0,10.0,4.0,3.0,0.0,0.0,9.0,1.0,0.0,1.0,0.452,0.478,0.69,1.168,2021,50
pre,6,2021,롯데,4,2021-06-13,2021-06-16,2021,롯데,2021-06-09,4,0.27,1,45.0,37.0,8.0,10.0,2.0,0.0,1.0,15.0,8.0,0.0,0.0,13.0,6.0,6.0,1.0,0.0,9.0,0.0,0.0,1.0,0.27,0.378,0.405,0.783,2021,51
pre,6,2021,롯데,4,2021-06-13,2021-06-16,2021,롯데,2021-06-10,1,0.371,1,38.0,35.0,5.0,13.0,3.0,0.0,0.0,16.0,5.0,0.0,0.0,9.0,7.0,2.0,0.0,1.0,3.0,1.0,1.0,0.0,0.371,0.405,0.457,0.862,2021,52
pre,7,2021,한화,5,2021-10-08,2021-10-16,2021,한화,2021-10-02,4,0.286,1,40.0,35.0,4.0,10.0,3.0,0.0,1.0,16.0,4.0,0.0,1.0,6.0,7.0,4.0,0.0,0.0,13.0,0.0,0.0,1.0,0.286,0.35,0.457,0.807,2021,120
pre,7,2021,한화,5,2021-10-08,2021-10-16,2021,한화,2021-10-03,7,0.278,1,43.0,36.0,6.0,10.0,3.0,0.0,0.0,13.0,6.0,0.0,0.0,8.0,14.0,4.0,1.0,0.0,4.0,1.0,1.0,1.0,0.278,0.357,0.361,0.718,2021,121
pre,7,2021,한화,5,2021-10-08,2021-10-16,2021,한화,2021-10-05,9,0.185,1,35.0,27.0,4.0,5.0,2.0,0.0,2.0,13.0,4.0,0.0,0.0,3.0,6.0,6.0,0.0,0.0,14.0,0.0,1.0,1.0,0.185,0.324,0.481,0.805,2021,122
pre,7,2021,한화,5,2021-10-08,2021-10-16,2021,한화,2021-10-06,7,0.235,1,41.0,34.0,3.0,8.0,1.0,0.0,1.0,12.0,3.0,1.0,1.0,8.0,8.0,5.0,0.0,0.0,10.0,0.0,1.0,1.0,0.235,0.325,0.353,0.678,2021,123
pre,7,2021,한화,5,2021-10-08,2021-10-16,2021,한화,2021-10-07,2,0.313,1,40.0,32.0,4.0,10.0,2.0,0.0,1.0,15.0,3.0,2.0,1.0,14.0,6.0,4.0,2.0,1.0,3.0,0.0,1.0,1.0,0.313,0.41,0.469,0.879,2021,124
pre,8,2021,한화,6,2021-10-22,2021-10-30,2021,한화,2021-10-09,4,0.167,1,38.0,30.0,4.0,5.0,0.0,0.0,1.0,8.0,3.0,0.0,0.0,8.0,8.0,6.0,2.0,0.0,9.0,2.0,0.0,0.0,0.167,0.342,0.267,0.609,2021,126
pre,8,2021,한화,6,2021-10-22,2021-10-30,2021,한화,2021-10-10,3,0.234,2,71.0,64.0,1.0,15.0,1.0,0.0,0.0,16.0,1.0,0.0,3.0,21.0,16.0,6.0,1.0,0.0,12.0,5.0,0.0,0.0,0.234,0.31,0.25,0.56,2021,127
pre,8,2021,한화,6,2021-10-22,2021-10-30,2021,한화,2021-10-16,9,0.188,1,34.0,32.0,2.0,6.0,1.0,0.0,0.0,7.0,2.0,0.0,0.0,12.0,5.0,2.0,0.0,0.0,9.0,1.0,0.0,0.0,0.188,0.235,0.219,0.454,2021,128
pre,8,2021,한화,6,2021-10-22,2021-10-30,2021,한화,2021-10-17,7,0.212,1,34.0,33.0,2.0,7.0,1.0,0.0,0.0,8.0,1.0,0.0,1.0,5.0,7.0,0.0,0.0,0.0,14.0,0.0,1.0,0.0,0.212,0.212,0.242,0.454,2021,129
pre,8,2021,한화,6,2021-10-22,2021-10-30,2021,한화,2021-10-21,2,0.297,1,52.0,37.0,13.0,11.0,3.0,0.0,0.0,14.0,11.0,0.0,0.0,15.0,7.0,12.0,1.0,0.0,4.0,0.0,1.0,1.0,0.297,0.471,0.378,0.849,2021,130
pre,9,2021,한화,10,2021-06-19,2021-07-01,2021,한화,2021-06-13,4,0.278,1,39.0,36.0,3.0,10.0,6.0,0.0,0.0,16.0,3.0,3.0,0.0,7.0,8.0,2.0,0.0,0.0,9.0,0.0,1.0,0.0,0.278,0.316,0.444,0.76,2021,55
pre,9,2021,한화,10,2021-06-19,2021-07-01,2021,한화,2021-06-15,5,0.241,1,33.0,29.0,3.0,7.0,1.0,0.0,1.0,11.0,3.0,3.0,1.0,10.0,2.0,4.0,0.0,0.0,10.0,1.0,0.0,0.0,0.241,0.333,0.379,0.712,2021,56
pre,9,2021,한화,10,2021-06-19,2021-07-01,2021,한화,2021-06-16,1,0.318,2,75.0,66.0,13.0,21.0,6.0,0.0,2.0,33.0,11.0,2.0,0.0,13.0,11.0,6.0,2.0,0.0,21.0,2.0,1.0,0.0,0.318,0.392,0.5,0.892,2021,57
pre,9,2021,한화,10,2021-06-19,2021-07-01,2021,한화,2021-06-17,7,0.212,1,38.0,33.0,2.0,7.0,2.0,0.0,1.0,12.0,2.0,1.0,0.0,9.0,6.0,5.0,0.0,0.0,10.0,0.0,0.0,0.0,0.212,0.316,0.364,0.68,2021,58
pre,9,2021,한화,10,2021-06-19,2021-07-01,2021,한화,2021-06-18,4,0.242,1,41.0,33.0,4.0,8.0,2.0,1.0,0.0,12.0,4.0,0.0,0.0,9.0,5.0,6.0,1.0,0.0,9.0,2.0,1.0,0.0,0.242,0.375,0.364,0.739,2021,59
pre,10,2022,키움,4,2022-07-27,2022-08-02,2022,키움,2022-07-14,8,0.188,1,35.0,32.0,1.0,6.0,1.0,0.0,1.0,10.0,1.0,0.0,0.0,8.0,12.0,3.0,0.0,0.0,4.0,1.0,0.0,0.0,0.188,0.257,0.313,0.57,2022,86
pre,10,2022,키움,4,2022-07-27,2022-08-02,2022,키움,2022-07-22,3,0.308,1,44.0,39.0,3.0,12.0,1.0,0.0,1.0,16.0,3.0,0.0,0.0,12.0,10.0,3.0,1.0,0.0,5.0,1.0,1.0,0.0,0.308,0.372,0.41,0.782,2022,87
pre,10,2022,키움,4,2022-07-27,2022-08-02,2022,키움,2022-07-23,3,0.394,1,39.0,33.0,6.0,13.0,1.0,1.0,1.0,19.0,6.0,0.0,0.0,7.0,8.0,4.0,1.0,0.0,5.0,2.0,1.0,0.0,0.394,0.474,0.576,1.05,2022,88
pre,10,2022,키움,4,2022-07-27,2022-08-02,2022,키움,2022-07-24,9,0.161,1,34.0,31.0,0.0,5.0,0.0,0.0,0.0,5.0,0.0,0.0,0.0,8.0,9.0,2.0,1.0,0.0,9.0,1.0,0.0,0.0,0.161,0.235,0.161,0.396,2022,89
pre,10,2022,키움,4,2022-07-27,2022-08-02,2022,키움,2022-07-26,1,0.308,1,45.0,39.0,8.0,12.0,1.0,1.0,1.0,18.0,8.0,0.0,0.0,16.0,2.0,5.0,1.0,0.0,8.0,1.0,0.0,0.0,0.308,0.4,0.462,0.862,2022,90
pre,11,2022,키움,5,2022-08-06,2022-08-12,2022,키움,2022-07-30,8,0.255,1,54.0,47.0,3.0,12.0,3.0,0.0,0.0,15.0,3.0,1.0,0.0,16.0,9.0,4.0,1.0,0.0,10.0,0.0,1.0,1.0,0.255,0.321,0.319,0.64,2022,94
pre,11,2022,키움,5,2022-08-06,2022-08-12,2022,키움,2022-08-02,3,0.25,1,41.0,36.0,5.0,9.0,3.0,0.0,0.0,12.0,4.0,0.0,0.0,15.0,5.0,5.0,0.0,0.0,7.0,2.0,0.0,0.0,0.25,0.341,0.333,0.674,2022,95
pre,11,2022,키움,5,2022-08-06,2022-08-12,2022,키움,2022-08-03,6,0.226,1,36.0,31.0,3.0,7.0,1.0,0.0,1.0,11.0,3.0,0.0,0.0,12.0,6.0,3.0,2.0,0.0,5.0,0.0,0.0,0.0,0.226,0.333,0.355,0.688,2022,96
pre,11,2022,키움,5,2022-08-06,2022-08-12,2022,키움,2022-08-04,5,0.256,1,42.0,39.0,5.0,10.0,2.0,0.0,1.0,15.0,3.0,1.0,0.0,12.0,9.0,3.0,0.0,1.0,7.0,1.0,0.0,0.0,0.256,0.31,0.385,0.695,2022,97
pre,11,2022,키움,5,2022-08-06,2022-08-12,2022,키움,2022-08-05,1,0.324,1,43.0,37.0,8.0,12.0,1.0,1.0,1.0,18.0,8.0,1.0,0.0,8.0,12.0,5.0,0.0,0.0,4.0,1.0,1.0,0.0,0.324,0.405,0.486,0.891,2022,98
pre,12,2022,키움,6,2022-08-16,2022-08-23,2022,키움,2022-08-10,2,0.289,1,41.0,38.0,3.0,11.0,3.0,0.0,0.0,14.0,3.0,0.0,0.0,9.0,8.0,2.0,1.0,0.0,10.0,0.0,0.0,0.0,0.289,0.341,0.368,0.709,2022,101
pre,12,2022,키움,6,2022-08-16,2022-08-23,2022,키움,2022-08-11,6,0.097,1,32.0,31.0,0.0,3.0,1.0,0.0,0.0,4.0,0.0,0.0,0.0,11.0,7.0,1.0,0.0,0.0,7.0,0.0,0.0,0.0,0.097,0.125,0.129,0.254,2022,102
pre,12,2022,키움,6,2022-08-16,2022-08-23,2022,키움,2022-08-12,9,0.167,1,32.0,30.0,1.0,5.0,1.0,0.0,1.0,9.0,1.0,0.0,1.0,9.0,7.0,1.0,0.0,0.0,8.0,0.0,1.0,0.0,0.167,0.194,0.3,0.494,2022,103
pre,12,2022,키움,6,2022-08-16,2022-08-23,2022,키움,2022-08-13,3,0.282,1,42.0,39.0,8.0,11.0,0.0,0.0,4.0,23.0,8.0,1.0,0.0,12.0,11.0,3.0,0.0,0.0,4.0,0.0,0.0,0.0,0.282,0.333,0.59,0.923,2022,104
pre,12,2022,키움,6,2022-08-16,2022-08-23,2022,키움,2022-08-14,1,0.4,1,49.0,40.0,12.0,16.0,2.0,1.0,2.0,26.0,12.0,1.0,0.0,13.0,12.0,5.0,1.0,0.0,1.0,0.0,1.0,2.0,0.4,0.458,0.65,1.108,2022,105
pre,13,2022,삼성,4,2022-06-21,2022-06-24,2022,삼성,2022-06-15,7,0.303,1,41.0,33.0,6.0,10.0,1.0,1.0,1.0,16.0,6.0,0.0,0.0,11.0,9.0,4.0,1.0,0.0,4.0,1.0,2.0,1.0,0.303,0.385,0.485,0.87,2022,61
pre,13,2022,삼성,4,2022-06-21,2022-06-24,2022,삼성,2022-06-16,2,0.278,1,38.0,36.0,1.0,10.0,0.0,0.0,0.0,10.0,1.0,2.0,0.0,11.0,6.0,1.0,0.0,1.0,9.0,1.0,1.0,0.0,0.278,0.297,0.278,0.575,2022,62
pre,13,2022,삼성,4,2022-06-21,2022-06-24,2022,삼성,2022-06-17,8,0.194,1,35.0,31.0,3.0,6.0,0.0,0.0,1.0,9.0,3.0,0.0,0.0,10.0,10.0,3.0,0.0,0.0,5.0,1.0,1.0,0.0,0.194,0.265,0.29,0.555,2022,63
pre,13,2022,삼성,4,2022-06-21,2022-06-24,2022,삼성,2022-06-18,1,0.385,1,43.0,39.0,6.0,15.0,4.0,1.0,1.0,24.0,6.0,0.0,1.0,10.0,8.0,3.0,0.0,0.0,6.0,1.0,1.0,0.0,0.385,0.429,0.615,1.044,2022,64
pre,13,2022,삼성,4,2022-06-21,2022-06-24,2022,삼성,2022-06-19,2,0.294,1,42.0,34.0,7.0,10.0,1.0,0.0,1.0,14.0,6.0,2.0,0.0,7.0,10.0,5.0,0.0,0.0,7.0,0.0,3.0,0.0,0.294,0.385,0.412,0.797,2022,65
pre,14,2022,삼성,4,2022-08-13,2022-08-17,2022,삼성,2022-08-05,8,0.194,1,39.0,36.0,3.0,7.0,1.0,0.0,0.0,8.0,3.0,1.0,0.0,6.0,10.0,3.0,0.0,0.0,11.0,0.0,0.0,0.0,0.194,0.256,0.222,0.478,2022,96
pre,14,2022,삼성,4,2022-08-13,2022-08-17,2022,삼성,2022-08-06,9,0.184,1,46.0,38.0,6.0,7.0,1.0,0.0,2.0,14.0,6.0,2.0,0.0,12.0,9.0,4.0,2.0,0.0,8.0,0.0,2.0,0.0,0.184,0.295,0.368,0.663,2022,97
pre,14,2022,삼성,4,2022-08-13,2022-08-17,2022,삼성,2022-08-07,6,0.276,1,41.0,29.0,6.0,8.0,3.0,0.0,0.0,11.0,5.0,0.0,1.0,9.0,5.0,8.0,1.0,1.0,7.0,3.0,2.0,1.0,0.276,0.436,0.379,0.815,2022,98
pre,14,2022,삼성,4,2022-08-13,2022-08-17,2022,삼성,2022-08-10,5,0.273,1,40.0,33.0,3.0,9.0,2.0,0.0,0.0,11.0,3.0,0.0,1.0,9.0,7.0,4.0,1.0,0.0,8.0,1.0,2.0,0.0,0.273,0.368,0.333,0.701,2022,99
pre,14,2022,삼성,4,2022-08-13,2022-08-17,2022,삼성,2022-08-12,2,0.333,1,39.0,33.0,7.0,11.0,1.0,0.0,3.0,21.0,7.0,0.0,0.0,4.0,8.0,4.0,0.0,0.0,8.0,1.0,2.0,0.0,0.333,0.405,0.636,1.041,2022,100
pre,15,2022,삼성,13,2022-06-30,2022-07-23,2022,삼성,2022-06-24,9,0.207,1,35.0,29.0,0.0,6.0,1.0,0.0,0.0,7.0,0.0,1.0,0.0,12.0,7.0,4.0,1.0,0.0,4.0,3.0,1.0,0.0,0.207,0.324,0.241,0.565,2022,69
pre,15,2022,삼성,13,2022-06-30,2022-07-23,2022,삼성,2022-06-25,9,0.188,1,41.0,32.0,5.0,6.0,2.0,0.0,1.0,11.0,5.0,1.0,0.0,11.0,11.0,6.0,1.0,0.0,3.0,1.0,2.0,0.0,0.188,0.333,0.344,0.677,2022,70
pre,15,2022,삼성,13,2022-06-30,2022-07-23,2022,삼성,2022-06-26,8,0.219,1,37.0,32.0,6.0,7.0,2.0,0.0,2.0,15.0,6.0,0.0,0.0,13.0,5.0,4.0,0.0,1.0,7.0,1.0,1.0,0.0,0.219,0.306,0.469,0.775,2022,71
pre,15,2022,삼성,13,2022-06-30,2022-07-23,2022,삼성,2022-06-28,3,0.351,1,40.0,37.0,4.0,13.0,2.0,0.0,0.0,15.0,4.0,0.0,0.0,15.0,2.0,3.0,0.0,0.0,6.0,4.0,0.0,0.0,0.351,0.4,0.405,0.805,2022,72
pre,15,2022,삼성,13,2022-06-30,2022-07-23,2022,삼성,2022-06-29,2,0.313,1,38.0,32.0,8.0,10.0,4.0,0.0,1.0,17.0,8.0,1.0,1.0,9.0,8.0,6.0,0.0,0.0,5.0,0.0,0.0,0.0,0.313,0.421,0.531,0.952,2022,73
pre,16,2022,롯데,6,2022-05-24,2022-05-29,2022,롯데,2022-05-18,4,0.263,1,42.0,38.0,7.0,10.0,3.0,0.0,0.0,13.0,6.0,2.0,1.0,12.0,7.0,4.0,0.0,0.0,7.0,0.0,0.0,0.0,0.263,0.333,0.342,0.675,2022,38
pre,16,2022,롯데,6,2022-05-24,2022-05-29,2022,롯데,2022-05-19,10,0.152,1,36.0,33.0,2.0,5.0,1.0,0.0,1.0,9.0,2.0,0.0,0.0,12.0,10.0,3.0,0.0,0.0,5.0,0.0,0.0,0.0,0.152,0.222,0.273,0.495,2022,39
pre,16,2022,롯데,6,2022-05-24,2022-05-29,2022,롯데,2022-05-20,6,0.242,1,37.0,33.0,4.0,8.0,0.0,0.0,2.0,14.0,4.0,0.0,1.0,12.0,6.0,3.0,1.0,0.0,6.0,2.0,0.0,0.0,0.242,0.324,0.424,0.748,2022,40
pre,16,2022,롯데,6,2022-05-24,2022-05-29,2022,롯데,2022-05-21,7,0.257,1,36.0,35.0,4.0,9.0,0.0,0.0,2.0,15.0,4.0,0.0,0.0,6.0,12.0,1.0,0.0,0.0,7.0,0.0,0.0,0.0,0.257,0.278,0.429,0.707,2022,41
pre,16,2022,롯데,6,2022-05-24,2022-05-29,2022,롯데,2022-05-22,5,0.242,1,40.0,33.0,5.0,8.0,2.0,0.0,2.0,16.0,5.0,1.0,0.0,12.0,6.0,3.0,3.0,0.0,6.0,1.0,0.0,1.0,0.242,0.35,0.485,0.835,2022,42
pre,17,2022,롯데,7,2022-07-22,2022-07-29,2022,롯데,2022-07-09,9,0.229,1,35.0,35.0,1.0,8.0,1.0,0.0,0.0,9.0,1.0,1.0,0.0,9.0,8.0,0.0,0.0,0.0,9.0,1.0,0.0,0.0,0.229,0.229,0.257,0.486,2022,80
pre,17,2022,롯데,7,2022-07-22,2022-07-29,2022,롯데,2022-07-10,1,0.405,1,41.0,37.0,9.0,15.0,2.0,0.0,2.0,23.0,8.0,0.0,0.0,9.0,6.0,3.0,0.0,0.0,7.0,3.0,1.0,0.0,0.405,0.45,0.622,1.072,2022,81
pre,17,2022,롯데,7,2022-07-22,2022-07-29,2022,롯데,2022-07-12,6,0.258,1,34.0,31.0,3.0,8.0,0.0,0.0,1.0,11.0,3.0,0.0,0.0,12.0,6.0,3.0,0.0,1.0,4.0,2.0,0.0,0.0,0.258,0.324,0.355,0.679,2022,82
pre,17,2022,롯데,7,2022-07-22,2022-07-29,2022,롯데,2022-07-13,3,0.2,1,32.0,30.0,2.0,6.0,2.0,0.0,0.0,8.0,2.0,0.0,0.0,14.0,7.0,2.0,0.0,0.0,3.0,1.0,0.0,0.0,0.2,0.25,0.267,0.517,2022,83
pre,17,2022,롯데,7,2022-07-22,2022-07-29,2022,롯데,2022-07-14,2,0.344,1,40.0,32.0,10.0,11.0,4.0,0.0,0.0,15.0,10.0,0.0,1.0,12.0,5.0,7.0,1.0,1.0,4.0,2.0,0.0,0.0,0.344,0.475,0.469,0.944,2022,84
pre,18,2022,두산,4,2022-05-31,2022-06-03,2022,두산,2022-05-25,7,0.219,1,34.0,32.0,1.0,7.0,1.0,0.0,1.0,11.0,1.0,0.0,0.0,7.0,12.0,1.0,1.0,0.0,5.0,1.0,0.0,0.0,0.219,0.265,0.344,0.609,2022,43
pre,18,2022,두산,4,2022-05-31,2022-06-03,2022,두산,2022-05-26,1,0.529,1,58.0,51.0,24.0,27.0,6.0,0.0,3.0,42.0,24.0,0.0,0.0,10.0,9.0,5.0,1.0,0.0,5.0,2.0,1.0,0.0,0.529,0.579,0.824,1.403,2022,44
pre,18,2022,두산,4,2022-05-31,2022-06-03,2022,두산,2022-05-27,4,0.314,1,44.0,35.0,6.0,11.0,3.0,0.0,2.0,20.0,5.0,2.0,0.0,8.0,7.0,9.0,0.0,0.0,7.0,2.0,0.0,0.0,0.314,0.455,0.571,1.026,2022,45
pre,18,2022,두산,4,2022-05-31,2022-06-03,2022,두산,2022-05-28,8,0.188,1,37.0,32.0,0.0,6.0,0.0,0.0,0.0,6.0,0.0,0.0,0.0,10.0,9.0,3.0,2.0,0.0,7.0,1.0,0.0,0.0,0.188,0.297,0.188,0.485,2022,46
pre,18,2022,두산,4,2022-05-31,2022-06-03,2022,두산,2022-05-29,9,0.161,1,33.0,31.0,1.0,5.0,1.0,0.0,0.0,6.0,1.0,0.0,1.0,5.0,10.0,2.0,0.0,0.0,9.0,0.0,0.0,0.0,0.161,0.212,0.194,0.406,2022,47
pre,19,2022,두산,4,2022-08-23,2022-08-26,2022,두산,2022-08-14,8,0.171,1,40.0,35.0,4.0,6.0,1.0,0.0,0.0,7.0,3.0,1.0,0.0,9.0,10.0,3.0,1.0,0.0,10.0,0.0,1.0,0.0,0.171,0.256,0.2,0.456,2022,100
pre,19,2022,두산,4,2022-08-23,2022-08-26,2022,두산,2022-08-17,5,0.294,1,40.0,34.0,6.0,10.0,2.0,0.0,0.0,12.0,6.0,2.0,0.0,5.0,9.0,2.0,2.0,0.0,12.0,1.0,0.0,2.0,0.294,0.35,0.353,0.703,2022,101
pre,19,2022,두산,4,2022-08-23,2022-08-26,2022,두산,2022-08-18,3,0.303,1,39.0,33.0,10.0,10.0,3.0,1.0,2.0,21.0,10.0,1.0,1.0,6.0,14.0,4.0,2.0,1.0,3.0,0.0,0.0,0.0,0.303,0.41,0.636,1.046,2022,102
pre,19,2022,두산,4,2022-08-23,2022-08-26,2022,두산,2022-08-20,7,0.242,1,38.0,33.0,1.0,8.0,1.0,0.0,1.0,12.0,1.0,0.0,0.0,11.0,5.0,4.0,0.0,0.0,7.0,1.0,1.0,0.0,0.242,0.324,0.364,0.688,2022,103
pre,19,2022,두산,4,2022-08-23,2022-08-26,2022,두산,2022-08-21,8,0.226,1,38.0,31.0,4.0,7.0,1.0,0.0,0.0,8.0,3.0,1.0,0.0,9.0,7.0,5.0,0.0,0.0,8.0,1.0,2.0,0.0,0.226,0.333,0.258,0.591,2022,104
pre,20,2022,두산,5,2022-06-30,2022-07-05,2022,두산,2022-06-22,5,0.275,1,44.0,40.0,5.0,11.0,0.0,0.0,2.0,17.0,5.0,0.0,0.0,8.0,15.0,3.0,1.0,0.0,5.0,1.0,0.0,0.0,0.275,0.341,0.425,0.766,2022,66
pre,20,2022,두산,5,2022-06-30,2022-07-05,2022,두산,2022-06-24,7,0.235,1,42.0,34.0,3.0,8.0,1.0,0.0,0.0,9.0,3.0,0.0,1.0,13.0,9.0,6.0,1.0,1.0,5.0,1.0,0.0,1.0,0.235,0.357,0.265,0.622,2022,67
pre,20,2022,두산,5,2022-06-30,2022-07-05,2022,두산,2022-06-25,3,0.303,1,45.0,33.0,6.0,10.0,0.0,0.0,1.0,13.0,6.0,0.0,1.0,12.0,8.0,10.0,0.0,0.0,5.0,0.0,0.0,2.0,0.303,0.444,0.394,0.838,2022,68
pre,20,2022,두산,5,2022-06-30,2022-07-05,2022,두산,2022-06-26,4,0.267,1,38.0,30.0,8.0,8.0,1.0,1.0,1.0,14.0,8.0,1.0,0.0,7.0,10.0,6.0,0.0,1.0,6.0,0.0,1.0,1.0,0.267,0.378,0.467,0.845,2022,69
pre,20,2022,두산,5,2022-06-30,2022-07-05,2022,두산,2022-06-28,7,0.222,1,30.0,27.0,3.0,6.0,1.0,0.0,0.0,7.0,3.0,0.0,0.0,7.0,6.0,2.0,0.0,0.0,7.0,0.0,1.0,0.0,0.222,0.276,0.259,0.535,2022,70
pre,21,2022,두산,5,2022-09-02,2022-09-08,2022,두산,2022-08-26,8,0.167,1,35.0,30.0,1.0,5.0,1.0,0.0,0.0,6.0,1.0,0.0,1.0,10.0,4.0,4.0,0.0,0.0,10.0,0.0,1.0,0.0,0.167,0.265,0.2,0.465,2022,108
pre,21,2022,두산,5,2022-09-02,2022-09-08,2022,두산,2022-08-27,4,0.242,1,37.0,33.0,2.0,8.0,0.0,0.0,1.0,11.0,2.0,0.0,1.0,8.0,10.0,3.0,1.0,1.0,5.0,0.0,0.0,0.0,0.242,0.324,0.333,0.657,2022,109
pre,21,2022,두산,5,2022-09-02,2022-09-08,2022,두산,2022-08-28,2,0.368,1,44.0,38.0,6.0,14.0,1.0,0.0,2.0,21.0,5.0,0.0,0.0,6.0,9.0,2.0,3.0,0.0,6.0,2.0,1.0,0.0,0.368,0.442,0.553,0.995,2022,110
pre,21,2022,두산,5,2022-09-02,2022-09-08,2022,두산,2022-08-31,3,0.289,1,40.0,38.0,2.0,11.0,1.0,0.0,1.0,15.0,2.0,0.0,0.0,8.0,11.0,1.0,1.0,0.0,8.0,0.0,0.0,0.0,0.289,0.325,0.395,0.72,2022,111
pre,21,2022,두산,5,2022-09-02,2022-09-08,2022,두산,2022-09-01,5,0.161,1,32.0,31.0,2.0,5.0,0.0,0.0,0.0,5.0,2.0,1.0,0.0,7.0,3.0,1.0,0.0,0.0,15.0,1.0,0.0,0.0,0.161,0.188,0.161,0.349,2022,112
pre,22,2022,한화,4,2022-09-20,2022-09-23,2022,한화,2022-09-14,5,0.194,1,34.0,31.0,4.0,6.0,1.0,0.0,1.0,10.0,2.0,0.0,1.0,13.0,6.0,3.0,0.0,0.0,4.0,0.0,0.0,0.0,0.194,0.265,0.323,0.588,2022,125
pre,22,2022,한화,4,2022-09-20,2022-09-23,2022,한화,2022-09-15,8,0.176,1,41.0,34.0,2.0,6.0,0.0,0.0,0.0,6.0,1.0,1.0,0.0,11.0,10.0,5.0,0.0,1.0,7.0,1.0,2.0,0.0,0.176,0.282,0.176,0.458,2022,126
pre,22,2022,한화,4,2022-09-20,2022-09-23,2022,한화,2022-09-16,7,0.229,1,55.0,48.0,7.0,11.0,5.0,0.0,1.0,19.0,5.0,0.0,0.0,9.0,15.0,7.0,0.0,1.0,11.0,1.0,0.0,0.0,0.229,0.327,0.396,0.723,2022,127
pre,22,2022,한화,4,2022-09-20,2022-09-23,2022,한화,2022-09-17,10,0.161,1,37.0,31.0,1.0,5.0,2.0,0.0,0.0,7.0,1.0,2.0,0.0,12.0,3.0,4.0,2.0,0.0,11.0,1.0,0.0,0.0,0.161,0.297,0.226,0.523,2022,128
pre,22,2022,한화,4,2022-09-20,2022-09-23,2022,한화,2022-09-18,6,0.314,1,38.0,35.0,5.0,11.0,1.0,0.0,0.0,12.0,5.0,1.0,1.0,9.0,11.0,1.0,0.0,0.0,6.0,0.0,0.0,2.0,0.314,0.316,0.343,0.659,2022,129
pre,23,2022,한화,5,2022-08-27,2022-09-02,2022,한화,2022-08-21,9,0.219,1,37.0,32.0,1.0,7.0,0.0,0.0,1.0,10.0,1.0,0.0,1.0,6.0,7.0,5.0,0.0,0.0,11.0,1.0,0.0,0.0,0.219,0.324,0.313,0.637,2022,106
pre,23,2022,한화,5,2022-08-27,2022-09-02,2022,한화,2022-08-23,2,0.367,1,35.0,30.0,6.0,11.0,3.0,0.0,0.0,14.0,6.0,2.0,0.0,6.0,11.0,3.0,0.0,0.0,4.0,4.0,0.0,2.0,0.367,0.4,0.467,0.867,2022,107
pre,23,2022,한화,5,2022-08-27,2022-09-02,2022,한화,2022-08-24,7,0.242,1,38.0,33.0,2.0,8.0,2.0,0.0,0.0,10.0,2.0,1.0,0.0,9.0,12.0,3.0,1.0,0.0,5.0,1.0,0.0,1.0,0.242,0.316,0.303,0.619,2022,108
pre,23,2022,한화,5,2022-08-27,2022-09-02,2022,한화,2022-08-25,8,0.219,1,36.0,32.0,4.0,7.0,1.0,0.0,0.0,8.0,4.0,0.0,0.0,6.0,10.0,4.0,0.0,0.0,9.0,0.0,0.0,0.0,0.219,0.306,0.25,0.556,2022,109
pre,23,2022,한화,5,2022-08-27,2022-09-02,2022,한화,2022-08-26,9,0.148,1,30.0,27.0,2.0,4.0,0.0,0.0,0.0,4.0,2.0,1.0,0.0,6.0,9.0,2.0,0.0,0.0,9.0,0.0,0.0,1.0,0.148,0.2,0.148,0.348,2022,110
pre,24,2022,한화,6,2022-06-29,2022-07-06,2022,한화,2022-06-22,7,0.242,1,36.0,33.0,5.0,8.0,0.0,2.0,1.0,15.0,5.0,0.0,0.0,11.0,5.0,2.0,0.0,0.0,8.0,1.0,0.0,1.0,0.242,0.278,0.455,0.733,2022,67
pre,24,2022,한화,6,2022-06-29,2022-07-06,2022,한화,2022-06-24,5,0.294,1,37.0,34.0,3.0,10.0,1.0,0.0,1.0,14.0,3.0,2.0,0.0,14.0,2.0,3.0,0.0,0.0,8.0,0.0,0.0,0.0,0.294,0.351,0.412,0.763,2022,68
pre,24,2022,한화,6,2022-06-29,2022-07-06,2022,한화,2022-06-25,8,0.212,1,37.0,33.0,2.0,7.0,1.0,0.0,0.0,8.0,2.0,0.0,1.0,9.0,8.0,4.0,0.0,0.0,9.0,0.0,0.0,0.0,0.212,0.297,0.242,0.539,2022,69
pre,24,2022,한화,6,2022-06-29,2022-07-06,2022,한화,2022-06-26,5,0.265,1,38.0,34.0,2.0,9.0,1.0,0.0,0.0,10.0,2.0,1.0,0.0,6.0,12.0,2.0,0.0,0.0,7.0,1.0,0.0,2.0,0.265,0.289,0.294,0.583,2022,70
pre,24,2022,한화,6,2022-06-29,2022-07-06,2022,한화,2022-06-28,2,0.424,1,37.0,33.0,6.0,14.0,1.0,0.0,0.0,15.0,4.0,1.0,1.0,6.0,7.0,2.0,0.0,0.0,6.0,3.0,1.0,1.0,0.424,0.444,0.455,0.899,2022,71
pre,25,2022,한화,6,2022-07-08,2022-07-14,2022,한화,2022-07-02,9,0.152,1,35.0,33.0,0.0,5.0,0.0,0.0,0.0,5.0,0.0,1.0,0.0,14.0,5.0,2.0,0.0,0.0,9.0,0.0,0.0,0.0,0.152,0.2,0.152,0.352,2022,74
pre,25,2022,한화,6,2022-07-08,2022-07-14,2022,한화,2022-07-03,7,0.179,1,31.0,28.0,1.0,5.0,1.0,0.0,1.0,9.0,1.0,0.0,1.0,8.0,9.0,3.0,0.0,0.0,5.0,1.0,0.0,0.0,0.179,0.258,0.321,0.579,2022,75
pre,25,2022,한화,6,2022-07-08,2022-07-14,2022,한화,2022-07-05,5,0.171,1,36.0,35.0,0.0,6.0,0.0,0.0,0.0,6.0,0.0,0.0,0.0,11.0,8.0,0.0,0.0,0.0,9.0,0.0,1.0,0.0,0.171,0.171,0.171,0.342,2022,76
pre,25,2022,한화,6,2022-07-08,2022-07-14,2022,한화,2022-07-06,8,0.25,1,40.0,36.0,3.0,9.0,1.0,0.0,3.0,19.0,3.0,2.0,0.0,10.0,3.0,3.0,0.0,0.0,13.0,0.0,1.0,0.0,0.25,0.308,0.528,0.836,2022,77
pre,25,2022,한화,6,2022-07-08,2022-07-14,2022,한화,2022-07-07,1,0.421,1,46.0,38.0,12.0,16.0,0.0,1.0,1.0,21.0,12.0,0.0,1.0,9.0,5.0,7.0,0.0,0.0,9.0,0.0,0.0,1.0,0.421,0.5,0.553,1.053,2022,78
pre,26,2022,한화,6,2022-08-12,2022-08-19,2022,한화,2022-08-03,4,0.237,1,44.0,38.0,3.0,9.0,0.0,0.0,1.0,12.0,3.0,2.0,0.0,11.0,6.0,4.0,2.0,0.0,12.0,1.0,0.0,0.0,0.237,0.341,0.316,0.657,2022,94
pre,26,2022,한화,6,2022-08-12,2022-08-19,2022,한화,2022-08-04,3,0.3,1,36.0,30.0,4.0,9.0,3.0,0.0,0.0,12.0,4.0,0.0,2.0,5.0,9.0,4.0,1.0,0.0,6.0,0.0,1.0,0.0,0.3,0.4,0.4,0.8,2022,95
pre,26,2022,한화,6,2022-08-12,2022-08-19,2022,한화,2022-08-05,7,0.219,1,37.0,32.0,1.0,7.0,0.0,0.0,0.0,7.0,1.0,0.0,1.0,13.0,10.0,4.0,0.0,0.0,2.0,1.0,1.0,0.0,0.219,0.306,0.219,0.525,2022,96
pre,26,2022,한화,6,2022-08-12,2022-08-19,2022,한화,2022-08-06,10,0.152,1,34.0,33.0,2.0,5.0,1.0,0.0,1.0,9.0,2.0,0.0,0.0,17.0,5.0,1.0,0.0,0.0,5.0,0.0,0.0,0.0,0.152,0.176,0.273,0.449,2022,97
pre,26,2022,한화,6,2022-08-12,2022-08-19,2022,한화,2022-08-07,3,0.348,1,52.0,46.0,6.0,16.0,3.0,0.0,0.0,19.0,6.0,3.0,1.0,8.0,11.0,5.0,0.0,1.0,11.0,1.0,1.0,0.0,0.348,0.412,0.413,0.825,2022,98
pre,27,2022,한화,6,2022-09-25,2022-10-02,2022,한화,2022-09-20,5,0.286,1,38.0,35.0,6.0,10.0,5.0,0.0,0.0,15.0,5.0,0.0,2.0,9.0,7.0,2.0,1.0,0.0,8.0,0.0,0.0,0.0,0.286,0.342,0.429,0.771,2022,130
pre,27,2022,한화,6,2022-09-25,2022-10-02,2022,한화,2022-09-21,10,0.161,1,32.0,31.0,0.0,5.0,0.0,0.0,0.0,5.0,0.0,0.0,0.0,10.0,5.0,1.0,0.0,0.0,10.0,1.0,0.0,0.0,0.161,0.188,0.161,0.349,2022,131
pre,27,2022,한화,6,2022-09-25,2022-10-02,2022,한화,2022-09-22,9,0.188,1,34.0,32.0,1.0,6.0,1.0,0.0,0.0,7.0,1.0,2.0,0.0,9.0,9.0,0.0,0.0,0.0,9.0,0.0,1.0,1.0,0.188,0.182,0.219,0.401,2022,132
pre,27,2022,한화,6,2022-09-25,2022-10-02,2022,한화,2022-09-23,10,0.172,1,35.0,29.0,4.0,5.0,1.0,0.0,1.0,9.0,3.0,1.0,0.0,10.0,9.0,5.0,0.0,0.0,6.0,2.0,0.0,1.0,0.172,0.286,0.31,0.596,2022,133
pre,27,2022,한화,6,2022-09-25,2022-10-02,2022,한화,2022-09-24,6,0.212,1,37.0,33.0,2.0,7.0,1.0,0.0,1.0,11.0,2.0,0.0,0.0,11.0,4.0,3.0,0.0,0.0,10.0,0.0,1.0,0.0,0.212,0.278,0.333,0.611,2022,134
pre,28,2022,한화,10,2022-06-09,2022-06-23,2022,한화,2022-06-02,8,0.194,1,39.0,36.0,3.0,7.0,2.0,0.0,0.0,9.0,2.0,0.0,2.0,11.0,8.0,3.0,0.0,0.0,9.0,3.0,0.0,0.0,0.194,0.256,0.25,0.506,2022,52
pre,28,2022,한화,10,2022-06-09,2022-06-23,2022,한화,2022-06-03,1,0.366,1,48.0,41.0,14.0,15.0,4.0,0.0,1.0,22.0,12.0,1.0,0.0,12.0,6.0,6.0,0.0,0.0,8.0,0.0,0.0,0.0,0.366,0.447,0.537,0.984,2022,53
pre,28,2022,한화,10,2022-06-09,2022-06-23,2022,한화,2022-06-04,6,0.25,1,40.0,36.0,3.0,9.0,5.0,0.0,0.0,14.0,3.0,1.0,3.0,5.0,12.0,4.0,0.0,0.0,10.0,0.0,0.0,0.0,0.25,0.325,0.389,0.714,2022,54
pre,28,2022,한화,10,2022-06-09,2022-06-23,2022,한화,2022-06-07,8,0.138,1,35.0,29.0,1.0,4.0,0.0,0.0,0.0,4.0,1.0,0.0,0.0,13.0,2.0,6.0,0.0,0.0,9.0,2.0,0.0,0.0,0.138,0.286,0.138,0.424,2022,55
pre,28,2022,한화,10,2022-06-09,2022-06-23,2022,한화,2022-06-08,2,0.306,1,37.0,36.0,5.0,11.0,1.0,0.0,0.0,12.0,5.0,1.0,0.0,8.0,9.0,1.0,0.0,0.0,8.0,1.0,0.0,0.0,0.306,0.324,0.333,0.657,2022,56
pre,29,2023,두산,4,2023-06-18,2023-06-22,2023,두산,2023-06-13,3,0.341,1,47.0,41.0,11.0,14.0,4.0,0.0,3.0,27.0,10.0,2.0,0.0,14.0,8.0,6.0,0.0,0.0,4.0,1.0,0.0,0.0,0.341,0.426,0.659,1.085,2023,54
pre,29,2023,두산,4,2023-06-18,2023-06-22,2023,두산,2023-06-14,3,0.294,1,41.0,34.0,4.0,10.0,2.0,1.0,0.0,14.0,3.0,2.0,1.0,10.0,9.0,7.0,0.0,0.0,5.0,1.0,0.0,0.0,0.294,0.415,0.412,0.827,2023,55
pre,29,2023,두산,4,2023-06-18,2023-06-22,2023,두산,2023-06-15,3,0.303,1,38.0,33.0,3.0,10.0,2.0,0.0,2.0,18.0,3.0,0.0,0.0,10.0,7.0,3.0,2.0,0.0,6.0,3.0,0.0,0.0,0.303,0.395,0.545,0.94,2023,56
pre,29,2023,두산,4,2023-06-18,2023-06-22,2023,두산,2023-06-16,7,0.257,1,42.0,35.0,4.0,9.0,3.0,0.0,0.0,12.0,3.0,0.0,0.0,10.0,11.0,5.0,1.0,0.0,5.0,1.0,0.0,1.0,0.257,0.357,0.343,0.7,2023,57
pre,29,2023,두산,4,2023-06-18,2023-06-22,2023,두산,2023-06-17,5,0.257,1,39.0,35.0,7.0,9.0,3.0,0.0,0.0,12.0,6.0,2.0,0.0,10.0,12.0,3.0,0.0,1.0,5.0,0.0,0.0,1.0,0.257,0.308,0.343,0.651,2023,58
pre,30,2023,두산,5,2023-07-26,2023-07-30,2023,두산,2023-07-08,8,0.207,1,35.0,29.0,5.0,6.0,0.0,0.0,1.0,9.0,5.0,2.0,0.0,5.0,13.0,4.0,1.0,0.0,5.0,0.0,1.0,0.0,0.207,0.324,0.31,0.634,2023,75
pre,30,2023,두산,5,2023-07-26,2023-07-30,2023,두산,2023-07-09,3,0.368,1,42.0,38.0,9.0,14.0,0.0,1.0,2.0,22.0,9.0,1.0,1.0,11.0,8.0,4.0,0.0,0.0,5.0,0.0,0.0,0.0,0.368,0.429,0.579,1.008,2023,76
pre,30,2023,두산,5,2023-07-26,2023-07-30,2023,두산,2023-07-12,3,0.306,1,41.0,36.0,4.0,11.0,2.0,0.0,1.0,16.0,3.0,2.0,0.0,10.0,8.0,4.0,0.0,1.0,7.0,2.0,1.0,0.0,0.306,0.375,0.444,0.819,2023,77
pre,30,2023,두산,5,2023-07-26,2023-07-30,2023,두산,2023-07-21,10,0.161,1,34.0,31.0,5.0,5.0,2.0,1.0,2.0,15.0,5.0,0.0,1.0,4.0,10.0,2.0,1.0,0.0,12.0,0.0,0.0,0.0,0.161,0.235,0.484,0.719,2023,78
pre,30,2023,두산,5,2023-07-26,2023-07-30,2023,두산,2023-07-25,3,0.29,1,37.0,31.0,8.0,9.0,2.0,1.0,2.0,19.0,7.0,1.0,0.0,5.0,8.0,5.0,0.0,0.0,9.0,1.0,0.0,1.0,0.29,0.378,0.613,0.991,2023,79
pre,31,2023,두산,5,2023-08-12,2023-08-18,2023,두산,2023-08-05,3,0.353,1,37.0,34.0,7.0,12.0,3.0,1.0,1.0,20.0,5.0,0.0,0.0,9.0,9.0,1.0,0.0,0.0,4.0,1.0,2.0,0.0,0.353,0.371,0.588,0.959,2023,89
pre,31,2023,두산,5,2023-08-12,2023-08-18,2023,두산,2023-08-06,8,0.182,1,34.0,33.0,1.0,6.0,2.0,0.0,0.0,8.0,0.0,2.0,0.0,6.0,12.0,1.0,0.0,0.0,7.0,0.0,0.0,0.0,0.182,0.206,0.242,0.448,2023,90
pre,31,2023,두산,5,2023-08-12,2023-08-18,2023,두산,2023-08-08,2,0.281,1,34.0,32.0,5.0,9.0,1.0,1.0,1.0,15.0,4.0,2.0,0.0,7.0,10.0,2.0,0.0,0.0,5.0,0.0,0.0,0.0,0.281,0.324,0.469,0.793,2023,91
pre,31,2023,두산,5,2023-08-12,2023-08-18,2023,두산,2023-08-09,4,0.29,1,37.0,31.0,4.0,9.0,1.0,0.0,2.0,16.0,4.0,1.0,0.0,11.0,7.0,2.0,1.0,2.0,5.0,1.0,2.0,1.0,0.29,0.343,0.516,0.859,2023,92
pre,31,2023,두산,5,2023-08-12,2023-08-18,2023,두산,2023-08-11,6,0.263,1,50.0,38.0,11.0,10.0,2.0,2.0,1.0,19.0,11.0,0.0,0.0,12.0,9.0,10.0,2.0,0.0,7.0,0.0,0.0,0.0,0.263,0.44,0.5,0.94,2023,93
pre,32,2023,롯데,4,2023-06-04,2023-06-08,2023,롯데,2023-05-30,8,0.172,1,32.0,29.0,1.0,5.0,1.0,0.0,0.0,6.0,1.0,1.0,0.0,12.0,7.0,1.0,0.0,0.0,6.0,2.0,1.0,1.0,0.172,0.194,0.207,0.401,2023,42
pre,32,2023,롯데,4,2023-06-04,2023-06-08,2023,롯데,2023-05-31,3,0.306,1,43.0,36.0,7.0,11.0,0.0,0.0,1.0,14.0,7.0,4.0,0.0,10.0,5.0,6.0,0.0,0.0,9.0,1.0,1.0,0.0,0.306,0.405,0.389,0.794,2023,43
pre,32,2023,롯데,4,2023-06-04,2023-06-08,2023,롯데,2023-06-01,6,0.156,1,33.0,32.0,1.0,5.0,1.0,0.0,0.0,6.0,1.0,1.0,0.0,11.0,8.0,1.0,0.0,0.0,8.0,0.0,0.0,0.0,0.156,0.182,0.188,0.37,2023,44
pre,32,2023,롯데,4,2023-06-04,2023-06-08,2023,롯데,2023-06-02,1,0.487,1,48.0,39.0,14.0,19.0,4.0,0.0,1.0,26.0,14.0,0.0,0.0,8.0,6.0,8.0,0.0,0.0,5.0,2.0,1.0,0.0,0.487,0.574,0.667,1.241,2023,45
pre,32,2023,롯데,4,2023-06-04,2023-06-08,2023,롯데,2023-06-03,4,0.294,1,42.0,34.0,6.0,10.0,3.0,0.0,0.0,13.0,6.0,2.0,0.0,9.0,7.0,7.0,1.0,0.0,8.0,1.0,0.0,0.0,0.294,0.429,0.382,0.811,2023,46
pre,33,2023,롯데,4,2023-06-14,2023-06-17,2023,롯데,2023-06-08,6,0.255,1,52.0,47.0,6.0,12.0,2.0,1.0,1.0,19.0,6.0,0.0,0.0,16.0,8.0,4.0,0.0,1.0,11.0,1.0,1.0,0.0,0.255,0.314,0.404,0.718,2023,49
pre,33,2023,롯데,4,2023-06-14,2023-06-17,2023,롯데,2023-06-09,2,0.297,1,41.0,37.0,5.0,11.0,1.0,0.0,1.0,15.0,4.0,2.0,0.0,9.0,7.0,3.0,0.0,0.0,8.0,1.0,1.0,0.0,0.297,0.35,0.405,0.755,2023,50
pre,33,2023,롯데,4,2023-06-14,2023-06-17,2023,롯데,2023-06-10,2,0.342,1,43.0,38.0,7.0,13.0,2.0,0.0,0.0,15.0,7.0,0.0,0.0,10.0,8.0,3.0,0.0,0.0,7.0,0.0,1.0,1.0,0.342,0.381,0.395,0.776,2023,51
pre,33,2023,롯데,4,2023-06-14,2023-06-17,2023,롯데,2023-06-11,5,0.263,1,41.0,38.0,4.0,10.0,1.0,0.0,1.0,14.0,4.0,0.0,0.0,11.0,9.0,1.0,0.0,1.0,8.0,0.0,1.0,1.0,0.263,0.275,0.368,0.643,2023,52
pre,33,2023,롯데,4,2023-06-14,2023-06-17,2023,롯데,2023-06-13,1,0.424,1,41.0,33.0,7.0,14.0,1.0,1.0,1.0,20.0,7.0,0.0,2.0,8.0,4.0,5.0,2.0,1.0,8.0,0.0,0.0,1.0,0.424,0.512,0.606,1.118,2023,53
pre,34,2023,롯데,4,2023-07-28,2023-08-01,2023,롯데,2023-07-22,1,0.342,1,46.0,38.0,3.0,13.0,3.0,0.0,1.0,19.0,3.0,1.0,0.0,7.0,12.0,7.0,0.0,0.0,4.0,1.0,1.0,0.0,0.342,0.444,0.5,0.944,2023,77
pre,34,2023,롯데,4,2023-07-28,2023-08-01,2023,롯데,2023-07-23,4,0.189,1,42.0,37.0,6.0,7.0,0.0,0.0,1.0,10.0,6.0,2.0,1.0,11.0,11.0,5.0,0.0,0.0,7.0,0.0,0.0,0.0,0.189,0.286,0.27,0.556,2023,78
pre,34,2023,롯데,4,2023-07-28,2023-08-01,2023,롯데,2023-07-25,4,0.289,1,42.0,38.0,5.0,11.0,3.0,0.0,0.0,14.0,5.0,0.0,0.0,7.0,9.0,2.0,1.0,0.0,11.0,0.0,0.0,1.0,0.289,0.333,0.368,0.701,2023,79
pre,34,2023,롯데,4,2023-07-28,2023-08-01,2023,롯데,2023-07-26,7,0.235,1,41.0,34.0,7.0,8.0,3.0,0.0,0.0,11.0,5.0,1.0,1.0,9.0,10.0,7.0,0.0,0.0,6.0,1.0,0.0,0.0,0.235,0.366,0.324,0.69,2023,80
pre,34,2023,롯데,4,2023-07-28,2023-08-01,2023,롯데,2023-07-27,2,0.364,1,40.0,33.0,9.0,12.0,4.0,0.0,1.0,19.0,9.0,1.0,1.0,10.0,8.0,7.0,0.0,0.0,3.0,2.0,0.0,0.0,0.364,0.475,0.576,1.051,2023,81
pre,35,2023,롯데,7,2023-08-18,2023-08-30,2023,롯데,2023-08-12,8,0.25,1,38.0,36.0,5.0,9.0,6.0,0.0,0.0,15.0,5.0,0.0,1.0,10.0,8.0,2.0,0.0,0.0,8.0,0.0,0.0,0.0,0.25,0.289,0.417,0.706,2023,95
pre,35,2023,롯데,7,2023-08-18,2023-08-30,2023,롯데,2023-08-13,5,0.314,1,37.0,35.0,6.0,11.0,2.0,1.0,0.0,15.0,5.0,0.0,1.0,6.0,9.0,2.0,0.0,0.0,8.0,0.0,0.0,0.0,0.314,0.351,0.429,0.78,2023,96
pre,35,2023,롯데,7,2023-08-18,2023-08-30,2023,롯데,2023-08-15,1,0.432,1,45.0,37.0,10.0,16.0,3.0,0.0,1.0,22.0,10.0,0.0,0.0,8.0,10.0,6.0,0.0,0.0,5.0,1.0,0.0,2.0,0.432,0.489,0.595,1.084,2023,97
pre,35,2023,롯데,7,2023-08-18,2023-08-30,2023,롯데,2023-08-16,4,0.25,1,40.0,28.0,7.0,7.0,2.0,0.0,2.0,15.0,7.0,1.0,1.0,8.0,7.0,10.0,2.0,0.0,6.0,1.0,0.0,0.0,0.25,0.475,0.536,1.011,2023,98
pre,35,2023,롯데,7,2023-08-18,2023-08-30,2023,롯데,2023-08-17,1,0.455,1,52.0,44.0,15.0,20.0,6.0,1.0,0.0,28.0,14.0,1.0,0.0,7.0,7.0,7.0,0.0,0.0,10.0,0.0,0.0,1.0,0.455,0.519,0.636,1.155,2023,99
pre,36,2023,삼성,4,2023-06-27,2023-07-01,2023,삼성,2023-06-21,8,0.206,1,35.0,34.0,0.0,7.0,1.0,0.0,0.0,8.0,0.0,2.0,0.0,11.0,9.0,0.0,0.0,0.0,7.0,1.0,1.0,0.0,0.206,0.206,0.235,0.441,2023,62
pre,36,2023,삼성,4,2023-06-27,2023-07-01,2023,삼성,2023-06-22,3,0.297,1,39.0,37.0,1.0,11.0,1.0,0.0,0.0,12.0,1.0,0.0,0.0,15.0,8.0,2.0,0.0,0.0,3.0,1.0,0.0,0.0,0.297,0.333,0.324,0.657,2023,63
pre,36,2023,삼성,4,2023-06-27,2023-07-01,2023,삼성,2023-06-23,9,0.194,1,34.0,31.0,0.0,6.0,1.0,0.0,0.0,7.0,0.0,1.0,0.0,10.0,11.0,3.0,0.0,0.0,4.0,3.0,0.0,0.0,0.194,0.265,0.226,0.491,2023,64
pre,36,2023,삼성,4,2023-06-27,2023-07-01,2023,삼성,2023-06-24,2,0.417,1,45.0,36.0,10.0,15.0,4.0,0.0,1.0,22.0,9.0,1.0,1.0,11.0,6.0,6.0,1.0,0.0,5.0,2.0,1.0,1.0,0.417,0.5,0.611,1.111,2023,65
pre,36,2023,삼성,4,2023-06-27,2023-07-01,2023,삼성,2023-06-25,4,0.25,1,39.0,32.0,5.0,8.0,2.0,0.0,0.0,10.0,5.0,1.0,0.0,6.0,8.0,5.0,1.0,0.0,7.0,0.0,1.0,0.0,0.25,0.368,0.313,0.681,2023,66
pre,37,2023,삼성,5,2023-06-13,2023-06-17,2023,삼성,2023-06-07,6,0.265,1,36.0,34.0,0.0,9.0,0.0,0.0,0.0,9.0,0.0,0.0,0.0,12.0,7.0,2.0,0.0,0.0,5.0,2.0,0.0,0.0,0.265,0.306,0.265,0.571,2023,50
pre,37,2023,삼성,5,2023-06-13,2023-06-17,2023,삼성,2023-06-08,3,0.265,1,42.0,34.0,1.0,9.0,0.0,0.0,0.0,9.0,1.0,1.0,0.0,8.0,10.0,4.0,3.0,0.0,7.0,1.0,0.0,1.0,0.265,0.381,0.265,0.646,2023,51
pre,37,2023,삼성,5,2023-06-13,2023-06-17,2023,삼성,2023-06-09,6,0.25,1,36.0,32.0,1.0,8.0,1.0,0.0,0.0,9.0,1.0,0.0,0.0,9.0,9.0,3.0,0.0,1.0,6.0,1.0,0.0,1.0,0.25,0.306,0.281,0.587,2023,52
pre,37,2023,삼성,5,2023-06-13,2023-06-17,2023,삼성,2023-06-10,1,0.378,1,44.0,37.0,9.0,14.0,2.0,0.0,4.0,28.0,8.0,1.0,1.0,7.0,10.0,4.0,2.0,0.0,5.0,0.0,1.0,0.0,0.378,0.465,0.757,1.222,2023,53
pre,37,2023,삼성,5,2023-06-13,2023-06-17,2023,삼성,2023-06-11,8,0.222,1,40.0,36.0,6.0,8.0,2.0,0.0,1.0,13.0,6.0,0.0,0.0,14.0,7.0,3.0,0.0,0.0,6.0,0.0,1.0,0.0,0.222,0.282,0.361,0.643,2023,54
pre,38,2023,삼성,5,2023-06-20,2023-06-24,2023,삼성,2023-06-14,7,0.188,1,41.0,32.0,2.0,6.0,2.0,0.0,0.0,8.0,2.0,0.0,0.0,10.0,10.0,4.0,2.0,0.0,5.0,0.0,3.0,0.0,0.188,0.316,0.25,0.566,2023,56
pre,38,2023,삼성,5,2023-06-20,2023-06-24,2023,삼성,2023-06-15,10,0.194,1,37.0,31.0,3.0,6.0,0.0,0.0,0.0,6.0,3.0,0.0,0.0,10.0,12.0,5.0,0.0,0.0,2.0,1.0,1.0,0.0,0.194,0.306,0.194,0.5,2023,57
pre,38,2023,삼성,5,2023-06-20,2023-06-24,2023,삼성,2023-06-16,10,0.206,1,37.0,34.0,6.0,7.0,2.0,0.0,1.0,12.0,6.0,1.0,0.0,10.0,5.0,2.0,0.0,1.0,12.0,1.0,1.0,0.0,0.206,0.25,0.353,0.603,2023,58
pre,38,2023,삼성,5,2023-06-20,2023-06-24,2023,삼성,2023-06-17,4,0.263,1,42.0,38.0,5.0,10.0,3.0,0.0,0.0,13.0,5.0,1.0,0.0,12.0,11.0,4.0,0.0,1.0,5.0,0.0,0.0,0.0,0.263,0.333,0.342,0.675,2023,59
pre,38,2023,삼성,5,2023-06-20,2023-06-24,2023,삼성,2023-06-18,2,0.378,1,42.0,37.0,7.0,14.0,4.0,1.0,0.0,20.0,7.0,3.0,0.0,7.0,9.0,3.0,0.0,0.0,7.0,1.0,1.0,1.0,0.378,0.415,0.541,0.956,2023,60
pre,39,2023,삼성,5,2023-09-15,2023-09-26,2023,삼성,2023-09-08,1,0.351,1,46.0,37.0,7.0,13.0,1.0,0.0,1.0,17.0,7.0,3.0,0.0,7.0,8.0,5.0,0.0,0.0,7.0,0.0,4.0,0.0,0.351,0.429,0.459,0.888,2023,116
pre,39,2023,삼성,5,2023-09-15,2023-09-26,2023,삼성,2023-09-09,10,0.2,2,74.0,65.0,5.0,13.0,3.0,1.0,1.0,21.0,4.0,3.0,1.0,23.0,15.0,9.0,0.0,0.0,14.0,2.0,0.0,0.0,0.2,0.297,0.323,0.62,2023,117
pre,39,2023,삼성,5,2023-09-15,2023-09-26,2023,삼성,2023-09-10,9,0.189,1,42.0,37.0,2.0,7.0,0.0,0.0,0.0,7.0,2.0,0.0,0.0,16.0,9.0,5.0,0.0,0.0,3.0,0.0,0.0,0.0,0.189,0.286,0.189,0.475,2023,118
pre,39,2023,삼성,5,2023-09-15,2023-09-26,2023,삼성,2023-09-12,3,0.333,1,39.0,33.0,10.0,11.0,0.0,0.0,3.0,20.0,10.0,4.0,0.0,12.0,5.0,4.0,2.0,0.0,4.0,1.0,0.0,0.0,0.333,0.436,0.606,1.042,2023,119
pre,39,2023,삼성,5,2023-09-15,2023-09-26,2023,삼성,2023-09-14,1,0.387,1,41.0,31.0,10.0,12.0,2.0,0.0,0.0,14.0,10.0,1.0,0.0,4.0,9.0,6.0,0.0,0.0,6.0,0.0,2.0,2.0,0.387,0.462,0.452,0.914,2023,120
pre,40,2023,한화,4,2023-07-29,2023-08-02,2023,한화,2023-07-22,4,0.286,1,42.0,35.0,5.0,10.0,2.0,0.0,1.0,15.0,3.0,0.0,1.0,10.0,8.0,6.0,1.0,1.0,6.0,2.0,0.0,0.0,0.286,0.405,0.429,0.834,2023,78
pre,40,2023,한화,4,2023-07-29,2023-08-02,2023,한화,2023-07-25,1,0.39,1,54.0,41.0,16.0,16.0,2.0,1.0,2.0,26.0,15.0,0.0,0.0,6.0,7.0,10.0,1.0,0.0,12.0,1.0,1.0,1.0,0.39,0.509,0.634,1.143,2023,79
pre,40,2023,한화,4,2023-07-29,2023-08-02,2023,한화,2023-07-26,10,0.135,1,40.0,37.0,5.0,5.0,0.0,0.0,2.0,11.0,5.0,0.0,0.0,8.0,15.0,3.0,0.0,0.0,9.0,0.0,0.0,0.0,0.135,0.2,0.297,0.497,2023,80
pre,40,2023,한화,4,2023-07-29,2023-08-02,2023,한화,2023-07-27,10,0.133,1,31.0,30.0,0.0,4.0,0.0,0.0,0.0,4.0,0.0,0.0,0.0,5.0,7.0,1.0,0.0,0.0,12.0,1.0,0.0,0.0,0.133,0.161,0.133,0.294,2023,81
pre,40,2023,한화,4,2023-07-29,2023-08-02,2023,한화,2023-07-28,4,0.333,1,40.0,33.0,4.0,11.0,1.0,0.0,0.0,12.0,4.0,0.0,0.0,8.0,6.0,4.0,1.0,0.0,8.0,3.0,2.0,0.0,0.333,0.421,0.364,0.785,2023,82
pre,41,2023,한화,4,2023-09-12,2023-09-17,2023,한화,2023-09-06,1,0.409,1,55.0,44.0,6.0,18.0,1.0,0.0,0.0,19.0,6.0,3.0,1.0,5.0,10.0,7.0,2.0,3.0,12.0,1.0,1.0,1.0,0.409,0.5,0.432,0.932,2023,111
pre,41,2023,한화,4,2023-09-12,2023-09-17,2023,한화,2023-09-07,1,0.355,1,39.0,31.0,4.0,11.0,2.0,0.0,0.0,13.0,4.0,0.0,1.0,8.0,7.0,6.0,0.0,2.0,6.0,1.0,1.0,1.0,0.355,0.447,0.419,0.866,2023,112
pre,41,2023,한화,4,2023-09-12,2023-09-17,2023,한화,2023-09-08,10,0.178,1,48.0,45.0,6.0,8.0,3.0,0.0,2.0,17.0,5.0,2.0,0.0,10.0,19.0,3.0,0.0,0.0,8.0,0.0,0.0,0.0,0.178,0.229,0.378,0.607,2023,113
pre,41,2023,한화,4,2023-09-12,2023-09-17,2023,한화,2023-09-09,2,0.315,2,90.0,73.0,14.0,23.0,4.0,2.0,0.0,31.0,12.0,0.0,0.0,20.0,18.0,13.0,3.0,1.0,11.0,2.0,1.0,0.0,0.315,0.438,0.425,0.863,2023,114
pre,41,2023,한화,4,2023-09-12,2023-09-17,2023,한화,2023-09-10,8,0.278,1,45.0,36.0,9.0,10.0,3.0,1.0,2.0,21.0,9.0,0.0,1.0,6.0,14.0,8.0,1.0,0.0,5.0,0.0,0.0,0.0,0.278,0.422,0.583,1.005,2023,115
pre,42,2023,한화,5,2023-08-04,2023-08-11,2023,한화,2023-07-29,7,0.229,1,37.0,35.0,3.0,8.0,1.0,1.0,1.0,14.0,3.0,1.0,0.0,8.0,9.0,1.0,1.0,0.0,9.0,0.0,0.0,0.0,0.229,0.27,0.4,0.67,2023,83
pre,42,2023,한화,5,2023-08-04,2023-08-11,2023,한화,2023-07-30,8,0.206,1,40.0,34.0,1.0,7.0,2.0,0.0,0.0,9.0,1.0,0.0,0.0,4.0,12.0,4.0,2.0,0.0,10.0,0.0,0.0,0.0,0.206,0.325,0.265,0.59,2023,84
pre,42,2023,한화,5,2023-08-04,2023-08-11,2023,한화,2023-08-01,10,0.125,1,37.0,32.0,3.0,4.0,0.0,0.0,1.0,7.0,1.0,0.0,0.0,9.0,6.0,3.0,2.0,0.0,12.0,1.0,0.0,0.0,0.125,0.243,0.219,0.462,2023,85
pre,42,2023,한화,5,2023-08-04,2023-08-11,2023,한화,2023-08-02,10,0.15,1,44.0,40.0,1.0,6.0,2.0,0.0,1.0,11.0,1.0,1.0,0.0,11.0,11.0,2.0,0.0,0.0,12.0,0.0,2.0,0.0,0.15,0.19,0.275,0.465,2023,86
pre,42,2023,한화,5,2023-08-04,2023-08-11,2023,한화,2023-08-03,5,0.276,1,34.0,29.0,5.0,8.0,1.0,1.0,1.0,14.0,5.0,0.0,0.0,3.0,11.0,4.0,0.0,0.0,7.0,1.0,1.0,0.0,0.276,0.364,0.483,0.847,2023,87
pre,43,2023,한화,6,2023-10-05,2023-10-13,2023,한화,2023-09-28,8,0.156,1,34.0,32.0,0.0,5.0,1.0,0.0,0.0,6.0,0.0,0.0,0.0,5.0,6.0,2.0,0.0,0.0,15.0,0.0,0.0,0.0,0.156,0.206,0.188,0.394,2023,126
pre,43,2023,한화,6,2023-10-05,2023-10-13,2023,한화,2023-09-29,6,0.161,1,33.0,31.0,1.0,5.0,0.0,0.0,0.0,5.0,1.0,1.0,0.0,7.0,12.0,1.0,1.0,0.0,7.0,1.0,0.0,0.0,0.161,0.212,0.161,0.373,2023,127
pre,43,2023,한화,6,2023-10-05,2023-10-13,2023,한화,2023-10-01,2,0.324,1,36.0,34.0,4.0,11.0,1.0,0.0,0.0,12.0,3.0,1.0,1.0,5.0,7.0,0.0,1.0,0.0,12.0,0.0,0.0,1.0,0.324,0.333,0.353,0.686,2023,128
pre,43,2023,한화,6,2023-10-05,2023-10-13,2023,한화,2023-10-02,2,0.303,1,35.0,33.0,10.0,10.0,1.0,0.0,4.0,23.0,10.0,0.0,0.0,8.0,10.0,2.0,0.0,0.0,5.0,1.0,0.0,0.0,0.303,0.343,0.697,1.04,2023,129
pre,43,2023,한화,6,2023-10-05,2023-10-13,2023,한화,2023-10-04,3,0.333,1,49.0,39.0,11.0,13.0,4.0,0.0,2.0,23.0,10.0,1.0,1.0,8.0,14.0,9.0,1.0,0.0,2.0,0.0,0.0,0.0,0.333,0.469,0.59,1.059,2023,130
pre,44,2023,한화,8,2023-08-19,2023-09-01,2023,한화,2023-08-13,3,0.353,1,40.0,34.0,8.0,12.0,3.0,0.0,0.0,15.0,8.0,0.0,0.0,7.0,8.0,2.0,2.0,0.0,8.0,0.0,1.0,1.0,0.353,0.41,0.441,0.851,2023,95
pre,44,2023,한화,8,2023-08-19,2023-09-01,2023,한화,2023-08-15,7,0.195,1,46.0,41.0,3.0,8.0,1.0,0.0,2.0,15.0,3.0,0.0,0.0,10.0,10.0,3.0,1.0,0.0,10.0,2.0,1.0,0.0,0.195,0.267,0.366,0.633,2023,96
pre,44,2023,한화,8,2023-08-19,2023-09-01,2023,한화,2023-08-16,3,0.258,1,39.0,31.0,4.0,8.0,1.0,1.0,0.0,11.0,4.0,1.0,0.0,12.0,7.0,6.0,0.0,0.0,5.0,2.0,1.0,1.0,0.258,0.368,0.355,0.723,2023,97
pre,44,2023,한화,8,2023-08-19,2023-09-01,2023,한화,2023-08-17,7,0.326,1,47.0,43.0,9.0,14.0,5.0,1.0,1.0,24.0,9.0,0.0,1.0,7.0,14.0,3.0,0.0,0.0,9.0,0.0,0.0,1.0,0.326,0.362,0.558,0.92,2023,98
pre,44,2023,한화,8,2023-08-19,2023-09-01,2023,한화,2023-08-18,2,0.432,1,43.0,37.0,11.0,16.0,3.0,0.0,1.0,22.0,11.0,1.0,0.0,12.0,5.0,3.0,1.0,0.0,4.0,2.0,1.0,1.0,0.432,0.476,0.595,1.071,2023,99
pre,45,2023,키움,4,2023-08-10,2023-08-13,2023,키움,2023-08-04,10,0.1,1,37.0,30.0,2.0,3.0,0.0,0.0,0.0,3.0,1.0,0.0,0.0,10.0,11.0,7.0,0.0,0.0,6.0,0.0,0.0,0.0,0.1,0.27,0.1,0.37,2023,97
pre,45,2023,키움,4,2023-08-10,2023-08-13,2023,키움,2023-08-05,10,0.206,1,35.0,34.0,3.0,7.0,1.0,0.0,1.0,11.0,3.0,1.0,0.0,9.0,10.0,1.0,0.0,0.0,6.0,0.0,0.0,0.0,0.206,0.229,0.324,0.553,2023,98
pre,45,2023,키움,4,2023-08-10,2023-08-13,2023,키움,2023-08-06,4,0.265,1,40.0,34.0,7.0,9.0,4.0,0.0,1.0,16.0,7.0,0.0,0.0,9.0,9.0,4.0,1.0,0.0,7.0,1.0,1.0,0.0,0.265,0.359,0.471,0.83,2023,99
pre,45,2023,키움,4,2023-08-10,2023-08-13,2023,키움,2023-08-08,4,0.235,1,37.0,34.0,1.0,8.0,0.0,0.0,1.0,11.0,1.0,0.0,0.0,7.0,7.0,1.0,1.0,0.0,11.0,0.0,1.0,0.0,0.235,0.278,0.324,0.602,2023,100
pre,45,2023,키움,4,2023-08-10,2023-08-13,2023,키움,2023-08-09,2,0.371,1,42.0,35.0,10.0,13.0,2.0,0.0,0.0,15.0,7.0,0.0,0.0,10.0,8.0,6.0,0.0,0.0,5.0,1.0,0.0,1.0,0.371,0.452,0.429,0.881,2023,101
pre,46,2023,키움,8,2023-07-06,2023-07-21,2023,키움,2023-06-30,4,0.235,1,35.0,34.0,3.0,8.0,2.0,0.0,1.0,13.0,3.0,0.0,0.0,9.0,6.0,1.0,0.0,0.0,10.0,1.0,0.0,0.0,0.235,0.257,0.382,0.639,2023,73
pre,46,2023,키움,8,2023-07-06,2023-07-21,2023,키움,2023-07-01,1,0.417,1,40.0,36.0,6.0,15.0,2.0,0.0,0.0,17.0,6.0,1.0,0.0,6.0,14.0,3.0,0.0,1.0,2.0,1.0,0.0,1.0,0.417,0.45,0.472,0.922,2023,74
pre,46,2023,키움,8,2023-07-06,2023-07-21,2023,키움,2023-07-02,3,0.265,1,40.0,34.0,5.0,9.0,3.0,0.0,1.0,15.0,4.0,1.0,0.0,10.0,10.0,6.0,0.0,0.0,5.0,2.0,0.0,0.0,0.265,0.375,0.441,0.816,2023,75
pre,46,2023,키움,8,2023-07-06,2023-07-21,2023,키움,2023-07-04,3,0.294,1,43.0,34.0,8.0,10.0,3.0,0.0,0.0,13.0,8.0,1.0,0.0,9.0,8.0,6.0,2.0,0.0,6.0,0.0,1.0,0.0,0.294,0.429,0.382,0.811,2023,76
pre,46,2023,키움,8,2023-07-06,2023-07-21,2023,키움,2023-07-05,5,0.276,1,32.0,29.0,2.0,8.0,1.0,0.0,0.0,9.0,2.0,1.0,1.0,5.0,4.0,3.0,0.0,0.0,12.0,1.0,0.0,0.0,0.276,0.344,0.31,0.654,2023,77
pre,47,2023,키움,9,2023-07-29,2023-08-08,2023,키움,2023-07-23,2,0.357,1,51.0,42.0,7.0,15.0,2.0,1.0,1.0,22.0,7.0,1.0,0.0,6.0,13.0,5.0,1.0,1.0,9.0,0.0,1.0,2.0,0.357,0.42,0.524,0.944,2023,87
pre,47,2023,키움,9,2023-07-29,2023-08-08,2023,키움,2023-07-25,5,0.267,1,38.0,30.0,6.0,8.0,1.0,0.0,1.0,12.0,6.0,0.0,0.0,11.0,10.0,3.0,2.0,0.0,4.0,2.0,0.0,3.0,0.267,0.342,0.4,0.742,2023,88
pre,47,2023,키움,9,2023-07-29,2023-08-08,2023,키움,2023-07-26,5,0.243,1,42.0,37.0,4.0,9.0,0.0,0.0,1.0,12.0,4.0,0.0,0.0,8.0,16.0,4.0,0.0,1.0,3.0,1.0,0.0,1.0,0.243,0.31,0.324,0.634,2023,89
pre,47,2023,키움,9,2023-07-29,2023-08-08,2023,키움,2023-07-27,9,0.154,1,31.0,26.0,2.0,4.0,0.0,0.0,0.0,4.0,2.0,0.0,0.0,11.0,4.0,4.0,0.0,0.0,7.0,2.0,1.0,0.0,0.154,0.267,0.154,0.421,2023,90
pre,47,2023,키움,9,2023-07-29,2023-08-08,2023,키움,2023-07-28,6,0.25,1,50.0,44.0,5.0,11.0,2.0,0.0,1.0,16.0,5.0,0.0,0.0,9.0,14.0,3.0,0.0,1.0,10.0,0.0,1.0,2.0,0.25,0.286,0.364,0.65,2023,91
pre,48,2023,키움,8,2023-09-05,2023-09-18,2023,키움,2023-08-30,2,0.39,1,44.0,41.0,7.0,16.0,3.0,0.0,0.0,19.0,7.0,0.0,0.0,7.0,7.0,2.0,1.0,0.0,10.0,1.0,0.0,0.0,0.39,0.432,0.463,0.895,2023,118
pre,48,2023,키움,8,2023-09-05,2023-09-18,2023,키움,2023-08-31,6,0.261,1,55.0,46.0,8.0,12.0,4.0,0.0,1.0,19.0,8.0,0.0,0.0,14.0,10.0,7.0,0.0,1.0,11.0,0.0,1.0,1.0,0.261,0.352,0.413,0.765,2023,119
pre,48,2023,키움,8,2023-09-05,2023-09-18,2023,키움,2023-09-01,4,0.323,1,33.0,31.0,6.0,10.0,1.0,1.0,1.0,16.0,6.0,0.0,0.0,9.0,7.0,1.0,0.0,0.0,5.0,1.0,0.0,1.0,0.323,0.333,0.516,0.849,2023,120
pre,48,2023,키움,8,2023-09-05,2023-09-18,2023,키움,2023-09-02,4,0.281,1,38.0,32.0,3.0,9.0,1.0,0.0,0.0,10.0,3.0,0.0,0.0,4.0,13.0,4.0,1.0,0.0,7.0,0.0,0.0,1.0,0.281,0.368,0.313,0.681,2023,121
pre,48,2023,키움,8,2023-09-05,2023-09-18,2023,키움,2023-09-03,3,0.343,1,38.0,35.0,7.0,12.0,3.0,0.0,0.0,15.0,7.0,0.0,0.0,7.0,6.0,3.0,0.0,0.0,9.0,2.0,0.0,0.0,0.343,0.395,0.429,0.824,2023,122
pre,49,2024,삼성,4,2024-05-25,2024-05-29,2024,삼성,2024-05-19,6,0.188,1,37.0,32.0,2.0,6.0,2.0,0.0,1.0,11.0,2.0,0.0,0.0,7.0,8.0,5.0,0.0,0.0,9.0,1.0,0.0,0.0,0.188,0.297,0.344,0.641,2024,45
pre,49,2024,삼성,4,2024-05-25,2024-05-29,2024,삼성,2024-05-21,6,0.268,1,45.0,41.0,5.0,11.0,2.0,0.0,1.0,16.0,5.0,0.0,0.0,8.0,14.0,2.0,1.0,0.0,9.0,1.0,0.0,1.0,0.268,0.311,0.39,0.701,2024,46
pre,49,2024,삼성,4,2024-05-25,2024-05-29,2024,삼성,2024-05-22,7,0.185,1,30.0,27.0,3.0,5.0,1.0,1.0,1.0,11.0,3.0,0.0,0.0,4.0,9.0,1.0,0.0,0.0,10.0,0.0,1.0,1.0,0.185,0.207,0.407,0.614,2024,47
pre,49,2024,삼성,4,2024-05-25,2024-05-29,2024,삼성,2024-05-23,7,0.27,1,39.0,37.0,2.0,10.0,2.0,0.0,0.0,12.0,2.0,1.0,0.0,11.0,9.0,2.0,0.0,0.0,7.0,1.0,0.0,0.0,0.27,0.308,0.324,0.632,2024,48
pre,49,2024,삼성,4,2024-05-25,2024-05-29,2024,삼성,2024-05-24,4,0.3,1,50.0,40.0,11.0,12.0,4.0,0.0,0.0,16.0,11.0,1.0,0.0,9.0,6.0,10.0,0.0,0.0,12.0,0.0,0.0,0.0,0.3,0.44,0.4,0.84,2024,49
pre,50,2024,삼성,4,2024-06-05,2024-06-08,2024,삼성,2024-05-30,5,0.241,1,35.0,29.0,4.0,7.0,0.0,0.0,1.0,10.0,3.0,1.0,0.0,10.0,7.0,4.0,1.0,0.0,6.0,1.0,0.0,1.0,0.241,0.343,0.345,0.688,2024,54
pre,50,2024,삼성,4,2024-06-05,2024-06-08,2024,삼성,2024-05-31,2,0.394,1,41.0,33.0,8.0,13.0,1.0,0.0,1.0,17.0,8.0,3.0,0.0,6.0,7.0,3.0,3.0,0.0,8.0,2.0,1.0,1.0,0.394,0.475,0.515,0.99,2024,55
pre,50,2024,삼성,4,2024-06-05,2024-06-08,2024,삼성,2024-06-01,5,0.267,1,36.0,30.0,6.0,8.0,2.0,0.0,2.0,16.0,6.0,2.0,1.0,8.0,7.0,4.0,0.0,0.0,8.0,0.0,1.0,1.0,0.267,0.343,0.533,0.876,2024,56
pre,50,2024,삼성,4,2024-06-05,2024-06-08,2024,삼성,2024-06-02,5,0.258,1,34.0,31.0,1.0,8.0,1.0,0.0,0.0,9.0,1.0,0.0,0.0,5.0,10.0,3.0,0.0,0.0,7.0,1.0,0.0,0.0,0.258,0.324,0.29,0.614,2024,57
pre,50,2024,삼성,4,2024-06-05,2024-06-08,2024,삼성,2024-06-04,6,0.219,1,36.0,32.0,3.0,7.0,1.0,0.0,0.0,8.0,3.0,0.0,0.0,8.0,7.0,2.0,1.0,0.0,10.0,0.0,1.0,0.0,0.219,0.286,0.25,0.536,2024,58
pre,51,2024,삼성,5,2024-06-28,2024-07-09,2024,삼성,2024-06-21,5,0.29,1,36.0,31.0,7.0,9.0,1.0,0.0,3.0,19.0,7.0,0.0,0.0,6.0,8.0,4.0,1.0,0.0,5.0,1.0,0.0,0.0,0.29,0.389,0.613,1.002,2024,73
pre,51,2024,삼성,5,2024-06-28,2024-07-09,2024,삼성,2024-06-23,7,0.266,2,81.0,64.0,17.0,17.0,5.0,0.0,2.0,28.0,16.0,0.0,0.0,14.0,19.0,13.0,2.0,0.0,13.0,0.0,2.0,0.0,0.266,0.405,0.438,0.843,2024,74
pre,51,2024,삼성,5,2024-06-28,2024-07-09,2024,삼성,2024-06-25,10,0.037,1,27.0,27.0,0.0,1.0,0.0,0.0,0.0,1.0,0.0,0.0,0.0,10.0,12.0,0.0,0.0,0.0,3.0,1.0,0.0,0.0,0.037,0.037,0.037,0.074,2024,75
pre,51,2024,삼성,5,2024-06-28,2024-07-09,2024,삼성,2024-06-26,9,0.152,1,36.0,33.0,1.0,5.0,1.0,0.0,0.0,6.0,1.0,1.0,0.0,8.0,6.0,2.0,1.0,0.0,12.0,0.0,0.0,0.0,0.152,0.222,0.182,0.404,2024,76
pre,51,2024,삼성,5,2024-06-28,2024-07-09,2024,삼성,2024-06-27,9,0.207,1,35.0,29.0,2.0,6.0,0.0,0.0,0.0,6.0,2.0,4.0,0.0,11.0,8.0,4.0,1.0,0.0,4.0,2.0,0.0,1.0,0.207,0.314,0.207,0.521,2024,77
pre,52,2024,두산,4,2024-06-21,2024-06-25,2024,두산,2024-06-15,3,0.353,1,41.0,34.0,4.0,12.0,2.0,0.0,0.0,14.0,4.0,2.0,1.0,8.0,7.0,3.0,1.0,0.0,7.0,1.0,2.0,1.0,0.353,0.41,0.412,0.822,2024,69
pre,52,2024,두산,4,2024-06-21,2024-06-25,2024,두산,2024-06-16,10,0.129,1,32.0,31.0,2.0,4.0,2.0,0.0,0.0,6.0,2.0,0.0,0.0,13.0,10.0,1.0,0.0,0.0,3.0,1.0,0.0,0.0,0.129,0.156,0.194,0.35,2024,70
pre,52,2024,두산,4,2024-06-21,2024-06-25,2024,두산,2024-06-18,4,0.324,1,41.0,34.0,6.0,11.0,1.0,0.0,1.0,15.0,6.0,1.0,0.0,6.0,12.0,7.0,0.0,0.0,5.0,1.0,0.0,0.0,0.324,0.439,0.441,0.88,2024,71
pre,52,2024,두산,4,2024-06-21,2024-06-25,2024,두산,2024-06-19,6,0.306,1,38.0,36.0,5.0,11.0,2.0,0.0,2.0,19.0,4.0,1.0,0.0,9.0,9.0,1.0,0.0,0.0,8.0,2.0,0.0,1.0,0.306,0.316,0.528,0.844,2024,72
pre,52,2024,두산,4,2024-06-21,2024-06-25,2024,두산,2024-06-20,7,0.185,1,30.0,27.0,2.0,5.0,1.0,0.0,0.0,6.0,2.0,1.0,1.0,11.0,9.0,1.0,1.0,0.0,3.0,0.0,0.0,1.0,0.185,0.233,0.222,0.455,2024,73
pre,53,2024,두산,4,2024-07-25,2024-07-28,2024,두산,2024-07-18,7,0.133,1,30.0,30.0,3.0,4.0,0.0,0.0,1.0,7.0,3.0,0.0,0.0,10.0,4.0,0.0,0.0,0.0,10.0,1.0,0.0,0.0,0.133,0.133,0.233,0.366,2024,91
pre,53,2024,두산,4,2024-07-25,2024-07-28,2024,두산,2024-07-19,7,0.273,1,36.0,33.0,7.0,9.0,3.0,0.0,3.0,21.0,7.0,1.0,1.0,11.0,7.0,1.0,1.0,0.0,6.0,1.0,0.0,1.0,0.273,0.306,0.636,0.942,2024,92
pre,53,2024,두산,4,2024-07-25,2024-07-28,2024,두산,2024-07-21,7,0.212,1,34.0,33.0,3.0,7.0,0.0,0.0,0.0,7.0,3.0,0.0,0.0,9.0,8.0,0.0,1.0,0.0,9.0,1.0,0.0,0.0,0.212,0.235,0.212,0.447,2024,93
pre,53,2024,두산,4,2024-07-25,2024-07-28,2024,두산,2024-07-23,2,0.364,1,37.0,33.0,6.0,12.0,1.0,0.0,1.0,16.0,6.0,3.0,0.0,9.0,8.0,3.0,0.0,1.0,3.0,1.0,1.0,0.0,0.364,0.417,0.485,0.902,2024,94
pre,53,2024,두산,4,2024-07-25,2024-07-28,2024,두산,2024-07-24,1,0.344,1,40.0,32.0,7.0,11.0,3.0,0.0,1.0,17.0,7.0,2.0,1.0,7.0,7.0,8.0,0.0,0.0,5.0,1.0,0.0,0.0,0.344,0.475,0.531,1.006,2024,95
pre,54,2024,두산,5,2024-08-29,2024-09-06,2024,두산,2024-08-23,10,0.129,1,36.0,31.0,4.0,4.0,2.0,0.0,0.0,6.0,4.0,0.0,0.0,11.0,7.0,4.0,1.0,0.0,9.0,1.0,0.0,0.0,0.129,0.25,0.194,0.444,2024,118
pre,54,2024,두산,5,2024-08-29,2024-09-06,2024,두산,2024-08-24,8,0.182,1,44.0,33.0,6.0,6.0,2.0,0.0,0.0,8.0,5.0,3.0,0.0,5.0,10.0,9.0,0.0,1.0,11.0,1.0,2.0,0.0,0.182,0.357,0.242,0.599,2024,119
pre,54,2024,두산,5,2024-08-29,2024-09-06,2024,두산,2024-08-25,10,0.161,1,33.0,31.0,1.0,5.0,1.0,0.0,1.0,9.0,1.0,0.0,0.0,11.0,8.0,0.0,1.0,0.0,6.0,1.0,1.0,0.0,0.161,0.188,0.29,0.478,2024,120
pre,54,2024,두산,5,2024-08-29,2024-09-06,2024,두산,2024-08-27,2,0.439,1,46.0,41.0,13.0,18.0,2.0,1.0,1.0,25.0,12.0,0.0,1.0,8.0,8.0,4.0,0.0,0.0,6.0,2.0,1.0,0.0,0.439,0.489,0.61,1.099,2024,121
pre,54,2024,두산,5,2024-08-29,2024-09-06,2024,두산,2024-08-28,3,0.306,1,39.0,36.0,8.0,11.0,3.0,1.0,2.0,22.0,6.0,1.0,0.0,8.0,11.0,3.0,0.0,0.0,3.0,1.0,0.0,0.0,0.306,0.359,0.611,0.97,2024,122
pre,55,2024,롯데,5,2024-07-20,2024-07-26,2024,롯데,2024-07-13,10,0.172,1,34.0,29.0,3.0,5.0,0.0,0.0,0.0,5.0,3.0,0.0,1.0,5.0,10.0,3.0,1.0,0.0,8.0,0.0,1.0,0.0,0.172,0.273,0.172,0.445,2024,82
pre,55,2024,롯데,5,2024-07-20,2024-07-26,2024,롯데,2024-07-16,1,0.31,1,35.0,29.0,4.0,9.0,1.0,0.0,1.0,13.0,4.0,0.0,0.0,6.0,10.0,4.0,1.0,0.0,2.0,1.0,1.0,0.0,0.31,0.412,0.448,0.86,2024,83
pre,55,2024,롯데,5,2024-07-20,2024-07-26,2024,롯데,2024-07-17,10,0.171,1,40.0,35.0,6.0,6.0,1.0,0.0,1.0,10.0,6.0,1.0,0.0,8.0,11.0,5.0,0.0,0.0,9.0,0.0,0.0,0.0,0.171,0.275,0.286,0.561,2024,84
pre,55,2024,롯데,5,2024-07-20,2024-07-26,2024,롯데,2024-07-18,8,0.1,1,32.0,30.0,2.0,3.0,0.0,0.0,1.0,6.0,2.0,0.0,0.0,13.0,7.0,2.0,0.0,0.0,7.0,0.0,0.0,0.0,0.1,0.156,0.2,0.356,2024,85
pre,55,2024,롯데,5,2024-07-20,2024-07-26,2024,롯데,2024-07-19,2,0.375,1,45.0,40.0,10.0,15.0,4.0,0.0,2.0,25.0,10.0,1.0,0.0,9.0,7.0,2.0,1.0,1.0,8.0,0.0,2.0,0.0,0.375,0.419,0.625,1.044,2024,86
pre,56,2024,한화,5,2024-09-07,2024-09-12,2024,한화,2024-08-31,6,0.156,1,34.0,32.0,2.0,5.0,0.0,0.0,1.0,8.0,2.0,0.0,0.0,5.0,7.0,2.0,0.0,0.0,14.0,0.0,0.0,0.0,0.156,0.206,0.25,0.456,2024,120
pre,56,2024,한화,5,2024-09-07,2024-09-12,2024,한화,2024-09-03,2,0.382,1,39.0,34.0,7.0,13.0,1.0,1.0,2.0,22.0,7.0,0.0,0.0,8.0,9.0,3.0,1.0,0.0,4.0,2.0,1.0,0.0,0.382,0.447,0.647,1.094,2024,121
pre,56,2024,한화,5,2024-09-07,2024-09-12,2024,한화,2024-09-04,3,0.3,1,45.0,40.0,5.0,12.0,1.0,0.0,0.0,13.0,4.0,2.0,1.0,12.0,9.0,3.0,2.0,0.0,7.0,1.0,0.0,0.0,0.3,0.378,0.325,0.703,2024,122
pre,56,2024,한화,5,2024-09-07,2024-09-12,2024,한화,2024-09-05,7,0.194,1,40.0,36.0,3.0,7.0,1.0,0.0,0.0,8.0,3.0,0.0,0.0,7.0,12.0,3.0,1.0,0.0,9.0,1.0,0.0,0.0,0.194,0.275,0.222,0.497,2024,123
pre,56,2024,한화,5,2024-09-07,2024-09-12,2024,한화,2024-09-06,5,0.25,1,38.0,36.0,3.0,9.0,0.0,0.0,0.0,9.0,2.0,0.0,1.0,11.0,7.0,2.0,0.0,0.0,8.0,0.0,0.0,0.0,0.25,0.289,0.25,0.539,2024,124
pre,57,2024,한화,7,2024-07-13,2024-07-21,2024,한화,2024-07-04,1,0.378,1,43.0,37.0,13.0,14.0,2.0,0.0,0.0,16.0,9.0,1.0,0.0,8.0,11.0,4.0,0.0,1.0,4.0,0.0,2.0,0.0,0.378,0.439,0.432,0.871,2024,80
pre,57,2024,한화,7,2024-07-13,2024-07-21,2024,한화,2024-07-09,3,0.303,1,35.0,33.0,3.0,10.0,1.0,0.0,2.0,17.0,3.0,0.0,1.0,6.0,7.0,1.0,0.0,0.0,10.0,1.0,1.0,0.0,0.303,0.324,0.515,0.839,2024,81
pre,57,2024,한화,7,2024-07-13,2024-07-21,2024,한화,2024-07-10,2,0.314,1,41.0,35.0,7.0,11.0,2.0,0.0,1.0,16.0,7.0,0.0,0.0,9.0,9.0,5.0,1.0,0.0,6.0,2.0,0.0,0.0,0.314,0.415,0.457,0.872,2024,82
pre,57,2024,한화,7,2024-07-13,2024-07-21,2024,한화,2024-07-11,7,0.2,1,42.0,40.0,4.0,8.0,1.0,1.0,0.0,11.0,4.0,0.0,0.0,9.0,13.0,2.0,0.0,0.0,10.0,1.0,0.0,0.0,0.2,0.238,0.275,0.513,2024,83
pre,57,2024,한화,7,2024-07-13,2024-07-21,2024,한화,2024-07-12,4,0.314,1,39.0,35.0,6.0,11.0,4.0,0.0,0.0,15.0,6.0,0.0,0.0,8.0,15.0,3.0,0.0,0.0,1.0,0.0,1.0,0.0,0.314,0.368,0.429,0.797,2024,84
pre,58,2024,키움,4,2024-05-30,2024-06-02,2024,키움,2024-05-23,6,0.286,1,32.0,28.0,6.0,8.0,2.0,0.0,1.0,13.0,6.0,0.0,0.0,9.0,4.0,3.0,0.0,0.0,8.0,3.0,0.0,1.0,0.286,0.344,0.464,0.808,2024,46
pre,58,2024,키움,4,2024-05-30,2024-06-02,2024,키움,2024-05-24,8,0.237,1,42.0,38.0,4.0,9.0,1.0,0.0,0.0,10.0,4.0,1.0,0.0,13.0,7.0,4.0,0.0,1.0,6.0,0.0,0.0,0.0,0.237,0.31,0.263,0.573,2024,47
pre,58,2024,키움,4,2024-05-30,2024-06-02,2024,키움,2024-05-25,10,0.212,1,35.0,33.0,2.0,7.0,1.0,0.0,0.0,8.0,2.0,0.0,0.0,4.0,8.0,2.0,0.0,0.0,12.0,1.0,0.0,0.0,0.212,0.257,0.242,0.499,2024,48
pre,58,2024,키움,4,2024-05-30,2024-06-02,2024,키움,2024-05-28,6,0.25,1,39.0,36.0,4.0,9.0,2.0,0.0,0.0,11.0,4.0,0.0,0.0,10.0,8.0,2.0,1.0,0.0,7.0,0.0,0.0,0.0,0.25,0.308,0.306,0.614,2024,49
pre,58,2024,키움,4,2024-05-30,2024-06-02,2024,키움,2024-05-29,1,0.391,1,50.0,46.0,11.0,18.0,1.0,0.0,2.0,25.0,11.0,2.0,0.0,10.0,13.0,3.0,1.0,0.0,5.0,0.0,0.0,0.0,0.391,0.44,0.543,0.983,2024,50
pre,59,2024,키움,4,2024-06-12,2024-06-15,2024,키움,2024-06-06,4,0.294,1,38.0,34.0,4.0,10.0,2.0,0.0,0.0,12.0,4.0,0.0,0.0,5.0,10.0,2.0,1.0,0.0,7.0,2.0,0.0,1.0,0.294,0.342,0.353,0.695,2024,57
pre,59,2024,키움,4,2024-06-12,2024-06-15,2024,키움,2024-06-07,5,0.343,1,42.0,35.0,7.0,12.0,4.0,0.0,2.0,22.0,7.0,0.0,0.0,6.0,14.0,5.0,1.0,1.0,3.0,0.0,0.0,1.0,0.343,0.429,0.629,1.058,2024,58
pre,59,2024,키움,4,2024-06-12,2024-06-15,2024,키움,2024-06-08,6,0.281,1,38.0,32.0,10.0,9.0,3.0,0.0,1.0,15.0,10.0,0.0,0.0,8.0,13.0,4.0,1.0,0.0,3.0,0.0,0.0,1.0,0.281,0.368,0.469,0.837,2024,59
pre,59,2024,키움,4,2024-06-12,2024-06-15,2024,키움,2024-06-09,10,0.2,1,39.0,35.0,1.0,7.0,2.0,0.0,0.0,9.0,1.0,0.0,0.0,11.0,11.0,4.0,0.0,0.0,6.0,0.0,0.0,0.0,0.2,0.282,0.257,0.539,2024,60
pre,59,2024,키움,4,2024-06-12,2024-06-15,2024,키움,2024-06-11,6,0.286,1,41.0,35.0,5.0,10.0,1.0,1.0,0.0,13.0,5.0,0.0,0.0,4.0,8.0,4.0,2.0,0.0,12.0,0.0,0.0,0.0,0.286,0.39,0.371,0.761,2024,61
pre,60,2024,키움,4,2024-09-16,2024-09-23,2024,키움,2024-09-08,8,0.161,1,35.0,31.0,2.0,5.0,1.0,0.0,0.0,6.0,2.0,0.0,0.0,9.0,5.0,3.0,0.0,0.0,13.0,1.0,0.0,1.0,0.161,0.229,0.194,0.423,2024,128
pre,60,2024,키움,4,2024-09-16,2024-09-23,2024,키움,2024-09-10,2,0.324,1,41.0,34.0,7.0,11.0,2.0,0.0,1.0,16.0,7.0,1.0,0.0,10.0,4.0,5.0,1.0,0.0,10.0,1.0,0.0,1.0,0.324,0.415,0.471,0.886,2024,129
pre,60,2024,키움,4,2024-09-16,2024-09-23,2024,키움,2024-09-11,3,0.351,1,44.0,37.0,9.0,13.0,4.0,0.0,0.0,17.0,9.0,2.0,0.0,10.0,6.0,5.0,1.0,0.0,7.0,2.0,1.0,0.0,0.351,0.442,0.459,0.901,2024,130
pre,60,2024,키움,4,2024-09-16,2024-09-23,2024,키움,2024-09-14,8,0.206,1,38.0,34.0,2.0,7.0,1.0,0.0,0.0,8.0,2.0,1.0,0.0,8.0,7.0,2.0,1.0,0.0,12.0,0.0,1.0,0.0,0.206,0.27,0.235,0.505,2024,131
pre,60,2024,키움,4,2024-09-16,2024-09-23,2024,키움,2024-09-15,5,0.317,1,46.0,41.0,10.0,13.0,5.0,1.0,1.0,23.0,7.0,0.0,0.0,13.0,10.0,4.0,0.0,0.0,6.0,1.0,0.0,1.0,0.317,0.37,0.561,0.931,2024,132
pre,61,2024,키움,5,2024-09-25,2024-10-01,2024,키움,2024-09-16,3,0.206,1,45.0,34.0,4.0,7.0,0.0,0.0,0.0,7.0,4.0,1.0,0.0,8.0,8.0,8.0,0.0,0.0,11.0,0.0,2.0,1.0,0.206,0.349,0.206,0.555,2024,133
pre,61,2024,키움,5,2024-09-25,2024-10-01,2024,키움,2024-09-17,8,0.2,1,40.0,35.0,2.0,7.0,1.0,0.0,0.0,8.0,2.0,2.0,0.0,8.0,9.0,4.0,1.0,0.0,9.0,0.0,0.0,0.0,0.2,0.3,0.229,0.529,2024,134
pre,61,2024,키움,5,2024-09-25,2024-10-01,2024,키움,2024-09-19,9,0.265,1,40.0,34.0,6.0,9.0,1.0,0.0,1.0,13.0,6.0,2.0,0.0,8.0,8.0,3.0,2.0,0.0,9.0,0.0,0.0,1.0,0.265,0.35,0.382,0.732,2024,135
pre,61,2024,키움,5,2024-09-25,2024-10-01,2024,키움,2024-09-22,2,0.325,1,44.0,40.0,8.0,13.0,1.0,0.0,1.0,17.0,8.0,0.0,0.0,7.0,11.0,3.0,0.0,0.0,8.0,0.0,0.0,1.0,0.325,0.364,0.425,0.789,2024,136
pre,61,2024,키움,5,2024-09-25,2024-10-01,2024,키움,2024-09-24,3,0.333,1,40.0,36.0,5.0,12.0,2.0,2.0,0.0,18.0,5.0,0.0,0.0,8.0,10.0,4.0,0.0,0.0,5.0,0.0,0.0,0.0,0.333,0.4,0.5,0.9,2024,137
pre,62,2024,키움,6,2024-07-12,2024-07-20,2024,키움,2024-07-03,6,0.25,1,33.0,32.0,4.0,8.0,3.0,0.0,0.0,11.0,4.0,2.0,0.0,9.0,4.0,1.0,0.0,0.0,11.0,0.0,0.0,0.0,0.25,0.273,0.344,0.617,2024,78
pre,62,2024,키움,6,2024-07-12,2024-07-20,2024,키움,2024-07-04,8,0.129,1,36.0,31.0,2.0,4.0,1.0,0.0,0.0,5.0,2.0,0.0,0.0,11.0,8.0,4.0,1.0,0.0,7.0,0.0,0.0,0.0,0.129,0.25,0.161,0.411,2024,79
pre,62,2024,키움,6,2024-07-12,2024-07-20,2024,키움,2024-07-09,6,0.2,1,36.0,30.0,5.0,6.0,1.0,1.0,0.0,9.0,3.0,1.0,0.0,8.0,9.0,5.0,1.0,0.0,7.0,1.0,0.0,0.0,0.2,0.333,0.3,0.633,2024,80
pre,62,2024,키움,6,2024-07-12,2024-07-20,2024,키움,2024-07-10,9,0.188,1,34.0,32.0,0.0,6.0,1.0,0.0,0.0,7.0,0.0,0.0,0.0,10.0,9.0,2.0,0.0,0.0,4.0,2.0,0.0,0.0,0.188,0.235,0.219,0.454,2024,81
pre,62,2024,키움,6,2024-07-12,2024-07-20,2024,키움,2024-07-11,5,0.268,1,47.0,41.0,5.0,11.0,3.0,0.0,0.0,14.0,5.0,1.0,0.0,10.0,11.0,6.0,0.0,1.0,8.0,1.0,0.0,0.0,0.268,0.362,0.341,0.703,2024,82
pre,63,2024,키움,6,2024-08-27,2024-09-04,2024,키움,2024-08-21,6,0.25,1,36.0,36.0,0.0,9.0,1.0,0.0,0.0,10.0,0.0,0.0,0.0,11.0,7.0,0.0,0.0,0.0,9.0,1.0,0.0,0.0,0.25,0.25,0.278,0.528,2024,114
pre,63,2024,키움,6,2024-08-27,2024-09-04,2024,키움,2024-08-22,6,0.156,1,34.0,32.0,2.0,5.0,2.0,0.0,0.0,7.0,2.0,2.0,0.0,9.0,7.0,1.0,1.0,0.0,9.0,0.0,0.0,0.0,0.156,0.206,0.219,0.425,2024,115
pre,63,2024,키움,6,2024-08-27,2024-09-04,2024,키움,2024-08-23,3,0.378,1,42.0,37.0,9.0,14.0,1.0,0.0,1.0,18.0,8.0,2.0,0.0,11.0,8.0,4.0,1.0,0.0,2.0,0.0,0.0,0.0,0.378,0.452,0.486,0.938,2024,116
pre,63,2024,키움,6,2024-08-27,2024-09-04,2024,키움,2024-08-24,10,0.129,1,34.0,31.0,0.0,4.0,0.0,0.0,0.0,4.0,0.0,0.0,0.0,11.0,6.0,3.0,0.0,0.0,10.0,0.0,0.0,0.0,0.129,0.206,0.129,0.335,2024,117
pre,63,2024,키움,6,2024-08-27,2024-09-04,2024,키움,2024-08-25,1,0.313,1,34.0,32.0,6.0,10.0,2.0,0.0,2.0,18.0,6.0,0.0,0.0,4.0,10.0,2.0,0.0,1.0,8.0,0.0,0.0,0.0,0.313,0.353,0.563,0.916,2024,118
